noise_type,noise_level,config_path,test_input_path,smoke_input_path,output_dir
history_dropout,0.1,configs\exp\beauty_robustness_500_history_dropout_0.1.yaml,data\processed\amazon_beauty_robustness_500\noisy_history_dropout_0.1\test.jsonl,data\processed\amazon_beauty_robustness_500\noisy_history_dropout_0.1\smoke_20.jsonl,output-repaired\beauty_robustness_500\history_dropout_0.1
history_dropout,0.2,configs\exp\beauty_robustness_500_history_dropout_0.2.yaml,data\processed\amazon_beauty_robustness_500\noisy_history_dropout_0.2\test.jsonl,data\processed\amazon_beauty_robustness_500\noisy_history_dropout_0.2\smoke_20.jsonl,output-repaired\beauty_robustness_500\history_dropout_0.2
history_dropout,0.3,configs\exp\beauty_robustness_500_history_dropout_0.3.yaml,data\processed\amazon_beauty_robustness_500\noisy_history_dropout_0.3\test.jsonl,data\processed\amazon_beauty_robustness_500\noisy_history_dropout_0.3\smoke_20.jsonl,output-repaired\beauty_robustness_500\history_dropout_0.3
candidate_text_dropout,0.1,configs\exp\beauty_robustness_500_candidate_text_dropout_0.1.yaml,data\processed\amazon_beauty_robustness_500\noisy_candidate_text_dropout_0.1\test.jsonl,data\processed\amazon_beauty_robustness_500\noisy_candidate_text_dropout_0.1\smoke_20.jsonl,output-repaired\beauty_robustness_500\candidate_text_dropout_0.1
candidate_text_dropout,0.2,configs\exp\beauty_robustness_500_candidate_text_dropout_0.2.yaml,data\processed\amazon_beauty_robustness_500\noisy_candidate_text_dropout_0.2\test.jsonl,data\processed\amazon_beauty_robustness_500\noisy_candidate_text_dropout_0.2\smoke_20.jsonl,output-repaired\beauty_robustness_500\candidate_text_dropout_0.2
candidate_text_dropout,0.3,configs\exp\beauty_robustness_500_candidate_text_dropout_0.3.yaml,data\processed\amazon_beauty_robustness_500\noisy_candidate_text_dropout_0.3\test.jsonl,data\processed\amazon_beauty_robustness_500\noisy_candidate_text_dropout_0.3\smoke_20.jsonl,output-repaired\beauty_robustness_500\candidate_text_dropout_0.3
history_swap_noise,0.1,configs\exp\beauty_robustness_500_history_swap_noise_0.1.yaml,data\processed\amazon_beauty_robustness_500\noisy_history_swap_noise_0.1\test.jsonl,data\processed\amazon_beauty_robustness_500\noisy_history_swap_noise_0.1\smoke_20.jsonl,output-repaired\beauty_robustness_500\history_swap_noise_0.1
history_swap_noise,0.2,configs\exp\beauty_robustness_500_history_swap_noise_0.2.yaml,data\processed\amazon_beauty_robustness_500\noisy_history_swap_noise_0.2\test.jsonl,data\processed\amazon_beauty_robustness_500\noisy_history_swap_noise_0.2\smoke_20.jsonl,output-repaired\beauty_robustness_500\history_swap_noise_0.2
history_swap_noise,0.3,configs\exp\beauty_robustness_500_history_swap_noise_0.3.yaml,data\processed\amazon_beauty_robustness_500\noisy_history_swap_noise_0.3\test.jsonl,data\processed\amazon_beauty_robustness_500\noisy_history_swap_noise_0.3\smoke_20.jsonl,output-repaired\beauty_robustness_500\history_swap_noise_0.3
