pair_id,source_event_id,user_id,split_name,timestamp,positive_item_id,num_candidates,total_possible_pairs,item_a_id,item_b_id,item_a_title,item_b_title,item_a_popularity_group,item_b_popularity_group,preferred_item_true,preferred_item_pred,non_preferred_item_pred,pair_type,pair_confidence,pair_reason,pair_parse_success,item_a_uncertainty,item_b_uncertainty,item_a_uncertainty_confidence,item_b_uncertainty_confidence,item_a_matched_uncertainty,item_b_matched_uncertainty,pair_uncertainty,pair_reliability_weight,base_rank_item_a,base_rank_item_b,event_mean_uncertainty,event_uncertainty_coverage_rate,uncertainty_source
AE22XHMBOBJBXUFCTNYLFMD4UKMA::1471107037000::pair::0,AE22XHMBOBJBXUFCTNYLFMD4UKMA::1471107037000,AE22XHMBOBJBXUFCTNYLFMD4UKMA,test,2016-08-13 16:50:37.000,B00DT4757A,6,15,B08532CNY7,B00DT4757A,Feather Headbands Hippie Dreamcatcher Head Chains Boho Tribal Feather Headpiece Peacock Feather Hair Band Hair Accessories (E),"Fleece Ear Warmers Headband for Men & Women, Thermal Polar Ear Muffs Warmers Keep You Warm and Cozy for Daily Wear, Sports, Running, Skiing and More",mid,mid,B00DT4757A,B08532CNY7,B00DT4757A,positive_vs_negative,0.6000000000000001,"Both items are unrelated to skincare, but the headband is a fashion accessory which may align more with a personal care aesthetic.",True,0.1666666667,0.0,0.8333333333,1.0,True,True,0.08333333335,0.91666666665,2,3,0.055555555566666665,1.0,pointwise_calibrated
AE23ZBUF2YVBQPH2NN6F5XSA3QYQ::1654823410648::pair::0,AE23ZBUF2YVBQPH2NN6F5XSA3QYQ::1654823410648,AE23ZBUF2YVBQPH2NN6F5XSA3QYQ,test,2022-06-10 01:10:10.648,B09XF4WD3V,6,15,B09KT4RJG6,B09XF4WD3V,"Simply Dana Rivitastore Neck Firming Cream — Skin Firming Cream for Tightening Neck, Jawline, and Chest, Collagen Peptides, and Squalane Cream for Wrinkles, Sagging, and Dryness","HMPRT 80s Costumes for Men, Halloween Heavy Metal Rocker Wig with Trucker Hat, Black T-Shirt Outfit, 90s Accessories Blow Up Guitar Music Costume Prop,L",tail,mid,B09XF4WD3V,B09KT4RJG6,B09XF4WD3V,positive_vs_negative,0.7000000000000001,"The user's history shows a strong focus on skincare and beauty items, making the neck firming cream more aligned with their interests.",True,0.5882352941,0.33333333330000003,0.4117647059,0.6666666667000001,True,True,0.4607843137,0.5392156862999999,4,6,0.5008169934333334,1.0,pointwise_calibrated
AE2574JZ364UOAJLH6PSRHJPQ4TA::1680529650810::pair::0,AE2574JZ364UOAJLH6PSRHJPQ4TA::1680529650810,AE2574JZ364UOAJLH6PSRHJPQ4TA,test,2023-04-03 13:47:30.810,B0BHWJ7BBJ,6,15,B0BHWJ7BBJ,B0BG6WX4DH,"14pcs Nail Drill Bits Set,3/32 Inch Acrylic Nail Drill Bits with Case,Quartz Pointed Nail Bits for Nails,Cuticle Remover Bits, Manicure Tools",AG Care Natural Remedy Apple Cider Vinegar Leave On Mist,mid,mid,B0BHWJ7BBJ,B0BHWJ7BBJ,B0BG6WX4DH,positive_vs_negative,0.6000000000000001,"Both are beauty-related, but the nail drill bits are a creative tool like the glitter tattoo kit.",True,0.5833333333,0.0,0.4166666667,1.0,True,True,0.29166666665,0.7083333333499999,3,5,0.37499999998333333,1.0,pointwise_calibrated
AE2ED6WSUDMW3NGBDG4NWQCYNOMQ::1675692140786::pair::0,AE2ED6WSUDMW3NGBDG4NWQCYNOMQ::1675692140786,AE2ED6WSUDMW3NGBDG4NWQCYNOMQ,test,2023-02-06 14:02:20.786,B0BSV97728,6,15,B0BSV97728,B08JP365LL,"Isaic Invisible Wire Hair Extension with Transparent Wire Headband Adjustable Size 4 Secure Clips Long straight Synthetic Hairpiece for Women （24Inch,Medium Brown with Ash Blonde)",Altaba Long Wavy Wigs Ombre gray Wig Synthetic Wigs Middle Part Natural Looking Heat Resistant Party Cosplay Full Wig for Women,tail,tail,B0BSV97728,B0BSV97728,B08JP365LL,positive_vs_negative,0.7000000000000001,The hair extension aligns more closely with the user's interest in hair accessories and wedding-related items.,True,0.5882352941,0.6666666667000001,0.4117647059,0.33333333330000003,True,True,0.6274509804,0.3725490196,2,3,0.6143790849666667,1.0,pointwise_calibrated
AE2IGWDKOWONDB3FQFX3STYGWCNQ::1661526979702::pair::0,AE2IGWDKOWONDB3FQFX3STYGWCNQ::1661526979702,AE2IGWDKOWONDB3FQFX3STYGWCNQ,test,2022-08-26 15:16:19.702,B0B4JPGX8P,6,15,B0B4JPGX8P,B09LWV3HH2,"Elli K Essential Sincerity From AZ Time Reverse Double Ampoule – Made in USA - Double Layering Serum – Repairing & Deep Hydrating – Oil and Cream Formula for Healthy and Smooth Skin, (2.02 fl.oz.)","LuminaGlow Liquid Dual Eyeliner Waterproof Vegan Black Smudge Proof Cruelty-Free Paraben-Free, 0.02oz Description of the Issue - I need to change the title to be more descriptive.",head,mid,B0B4JPGX8P,B0B4JPGX8P,B09LWV3HH2,positive_vs_negative,0.8,"The user's history shows a strong focus on facial skincare, making the serum a more relevant match than the eyeliner.",True,0.33333333330000003,0.5833333333,0.6666666667000001,0.4166666667,True,True,0.45833333330000003,0.5416666667,3,4,0.4452614379,1.0,pointwise_calibrated
AE2NWYXUAEO5SWKLRYZQD6LMTDVA::1616013663081::pair::0,AE2NWYXUAEO5SWKLRYZQD6LMTDVA::1616013663081,AE2NWYXUAEO5SWKLRYZQD6LMTDVA,test,2021-03-17 20:41:03.081,B08DXZW75W,6,15,B08T5LG5FT,B08DXZW75W,Makeup Brushes 12PCs- CLOWII Professional Premium Birch Handle Makeup Brush Foundation Concealer Brush Set of 12 with 1 Makeup Cleaner(Black),"Glass Spray Bottles 16oz Refillable Container suitable for essential oils, cleaning products, aromatherapy, water mist plants (2 Pack，Blue)",tail,mid,B08DXZW75W,B08DXZW75W,B08T5LG5FT,positive_vs_negative,0.6000000000000001,The spray bottles align more closely with the user's interest in personal care and cleansing products.,True,0.1666666667,0.5833333333,0.8333333333,0.4166666667,True,True,0.375,0.625,5,6,0.20833333335000004,1.0,pointwise_calibrated
AE2O2C43KTYO4LXXGZWJZLE67GBQ::1623979274023::pair::0,AE2O2C43KTYO4LXXGZWJZLE67GBQ::1623979274023,AE2O2C43KTYO4LXXGZWJZLE67GBQ,test,2021-06-18 01:21:14.023,B07Q4YCBWD,6,15,B07Q4YCBWD,B09KT4RJG6,Best Mom Ever French Milled Luxury Soap Set of 3 Bars (6.35oz),"Simply Dana Rivitastore Neck Firming Cream — Skin Firming Cream for Tightening Neck, Jawline, and Chest, Collagen Peptides, and Squalane Cream for Wrinkles, Sagging, and Dryness",tail,tail,B07Q4YCBWD,B07Q4YCBWD,B09KT4RJG6,positive_vs_negative,0.8,The user has shown a clear preference for soap and personal care items over specialized tools.,True,0.5882352941,0.5882352941,0.4117647059,0.4117647059,True,True,0.5882352941,0.4117647059,2,3,0.5457516339666667,1.0,pointwise_calibrated
AE2WYNQPBMS67OHFWV63NI4MSJEA::1679025823749::pair::0,AE2WYNQPBMS67OHFWV63NI4MSJEA::1679025823749,AE2WYNQPBMS67OHFWV63NI4MSJEA,test,2023-03-17 04:03:43.749,B0BXB4J297,6,15,B0B1DCQWR7,B0BXB4J297,Success at Once Self Straight Magic Perm at Home Easy & Fast Made in Korea,Moroccanoil Color Care Conditioner,tail,head,B0BXB4J297,B0BXB4J297,B0B1DCQWR7,positive_vs_negative,0.6000000000000001,"The user's history shows a focus on hair and scalp care, making a conditioner more relevant than a perm kit.",True,0.33333333330000003,0.5882352941,0.6666666667000001,0.4117647059,True,True,0.4607843137,0.5392156862999999,6,4,0.5016339869,1.0,pointwise_calibrated
AE3335XF4PMHSXKTW5B7N7EALG3Q::1606288126194::pair::0,AE3335XF4PMHSXKTW5B7N7EALG3Q::1606288126194,AE3335XF4PMHSXKTW5B7N7EALG3Q,test,2020-11-25 07:08:46.194,B08DXCVRNY,6,15,B087BH3YSR,B08DXCVRNY,"Flotig New Goddess Faux Locs Crochet Braids 24 Inch 6 Packs Natural Black Pre-twisted Knotless Crochet Hair Synthetic Braiding Hair Extensions (24Inch, 1B)","COSMOCOS FromNature Perfect Cover BB Cream - Light Beighe/Natural Beige SPF 50+ / PA+++ Sun Protection, Natural Skin Tone, High Coverage Korean Cosmetic K Beauty - 50g (1.76 fl oz) (Light Beige)",tail,head,B08DXCVRNY,B087BH3YSR,B08DXCVRNY,positive_vs_negative,0.6000000000000001,"Both are beauty items, but the mascara suggests an interest in eye makeup rather than hair extensions or base makeup.",True,0.1666666667,0.5882352941,0.8333333333,0.4117647059,True,True,0.37745098039999997,0.6225490196000001,5,1,0.20915032681666668,1.0,pointwise_calibrated
AE35PCM2KBCWJ6GVCK4WYQGR5SHQ::1668894033789::pair::0,AE35PCM2KBCWJ6GVCK4WYQGR5SHQ::1668894033789,AE35PCM2KBCWJ6GVCK4WYQGR5SHQ,test,2022-11-19 21:40:33.789,B0BGT17QQG,6,15,B0BGT17QQG,B08HQJXJ19,"Tropic Labs Smart Screen | Broad Spectrum SPF 22 Sunscreen | 2-in-1 Mineral Sunscreen & Natural Tanning Accelerator | Fast Acting Tan Boosting Body Suntan Lotion | Lightweight, Vegan, & Cruelty-Free (TSA Friendly)","10Pcs 3D Face Inner Silicone Bracket for Comfortable Breathing, Washable Reusable Silicone Bracket Under Frame Lipstick Protector Keep Fabric off Mouth to Create More Breathing Space",mid,tail,B0BGT17QQG,B0BGT17QQG,B08HQJXJ19,positive_vs_negative,0.7000000000000001,"The user's previous items are hair care and styling products, making a sunscreen more thematically related than a mask bracket.",True,0.1666666667,0.0,0.8333333333,1.0,True,True,0.08333333335,0.91666666665,5,6,0.2794117647166667,1.0,pointwise_calibrated
AE36JXY5V7OIPWMB6RBU2STT6FNQ::1643590831463::pair::0,AE36JXY5V7OIPWMB6RBU2STT6FNQ::1643590831463,AE36JXY5V7OIPWMB6RBU2STT6FNQ,test,2022-01-31 01:00:31.463,B097644F71,6,15,B097644F71,B01KJPFO9W,TODAYADAY’s Baby Foot Peel Mask for Dry Cracked Feet (3 Pairs) - Removes & Repairs Rough Heels - Moisturizing Feet Peeling Mask for Callus and Dead Skin,"Lagunamoon Gel Nail Polish, Soak Off UV LED Nail Manicure Color Gel Polish Varnish Set 6PCS 8ML - Love Spectrum",mid,mid,B097644F71,B01KJPFO9W,B097644F71,positive_vs_negative,0.5,"Both items are unrelated to hair care, but nail polish may align more with personal grooming.",True,0.1666666667,0.0,0.8333333333,1.0,True,True,0.08333333335,0.91666666665,3,4,0.20915032681666668,1.0,pointwise_calibrated
AE36LRYPZ5CH65WBMP2UUJZPTF5A::1635125348495::pair::0,AE36LRYPZ5CH65WBMP2UUJZPTF5A::1635125348495,AE36LRYPZ5CH65WBMP2UUJZPTF5A,test,2021-10-25 01:29:08.495,B08GMW3HNG,6,15,B0713VF172,B08GMW3HNG,"Magnesium Serum For Kids - All Natural Rub for Kids and Babies, Toxic Free + Free Magnesium Chart PDF","Black Wolf - Men’s Gentle Hydrating Face Wash - 5 Fl Oz - Hydrating Sugar Technology Blend Helps Replenish Moisture - Natural Oils Argan, Coconut, & Safflower Hydrate Your Skin, Great for Dry Skin",mid,mid,B08GMW3HNG,B08GMW3HNG,B0713VF172,positive_vs_negative,0.30000000000000004,"The user's previous items suggest a focus on personal accessories and styling, making a men's grooming product slightly more relevant than a child-specific health item.",True,0.0,0.1666666667,1.0,0.8333333333,True,True,0.08333333335,0.91666666665,4,5,0.32189542483333333,1.0,pointwise_calibrated
AE3IGJOPJP6LFXEJTIXFJVSJLILA::1665715738773::pair::0,AE3IGJOPJP6LFXEJTIXFJVSJLILA::1665715738773,AE3IGJOPJP6LFXEJTIXFJVSJLILA,test,2022-10-14 02:48:58.773,B0B7ZSY2P6,6,15,B0B7ZSY2P6,B081MQD52C,LLTGMV Pocket Combs,"Revitalizing N.M.F Intensive Hydrating Serum that treats Dull, Tired, Dry and Sensitive Skin from Manilla Natural Skincare",tail,head,B0B7ZSY2P6,B081MQD52C,B0B7ZSY2P6,positive_vs_negative,0.7000000000000001,"The user's history shows a focus on skincare and hair care, making the hydrating serum a more aligned choice.",True,0.6666666667000001,0.5833333333,0.33333333330000003,0.4166666667,True,True,0.625,0.375,6,3,0.5996732026,1.0,pointwise_calibrated
AE3KLVXGZPANXE5XLXYKHTVAZ3FQ::1629826110674::pair::0,AE3KLVXGZPANXE5XLXYKHTVAZ3FQ::1629826110674,AE3KLVXGZPANXE5XLXYKHTVAZ3FQ,test,2021-08-24 17:28:30.674,B08Z7FQGW3,6,15,B08N5NDVGH,B08Z7FQGW3,"ForPro Expert Therapy Massage Lotion, Fragrance-Free, Relax Sore Muscles & Repair Dry Skin, Lightweight, Non-Greasy Formula, Paraben & Sulfate-Free, 1 Gallon (128 Ounces)",S SNUOY Purple Crystal Vintage Queen Crowns Baroque Tiaras Wedding Bridal Queen Tiaras and Crowns for Women and Girls Party Headbands,head,mid,B08Z7FQGW3,B08Z7FQGW3,B08N5NDVGH,positive_vs_negative,0.7000000000000001,The user's history shows a strong interest in hair accessories and decorative headwear.,True,0.5882352941,0.5882352941,0.4117647059,0.4117647059,True,True,0.5882352941,0.4117647059,6,3,0.5874183006333333,1.0,pointwise_calibrated
AE3LGS2HORNDIVD75DIHRRIAEIEA::1478381958000::pair::0,AE3LGS2HORNDIVD75DIHRRIAEIEA::1478381958000,AE3LGS2HORNDIVD75DIHRRIAEIEA,test,2016-11-05 21:39:18.000,B01MF9PHAF,6,15,B01MF9PHAF,B073ZR1XLQ,Kiss You By Laura Marano,EASYDEW Repair Control Renewal Intensive Moisture 1.69 fl oz - Rapid Wrinkle Care with Human Epidermal Growth Factor I For Dry to Sensitive Skin I Nourishing & Instant Hydration with Ceramide NP,mid,mid,B01MF9PHAF,B01MF9PHAF,B073ZR1XLQ,positive_vs_negative,0.9,"The user previously interacted with a song by Laura Marano, making another song by the same artist highly relevant.",True,0.1666666667,0.0,0.8333333333,1.0,True,True,0.08333333335,0.91666666665,1,3,0.055555555566666665,1.0,pointwise_calibrated
AE3LUVAAITFJIUTWBMRPHDQOCOFQ::1656907706361::pair::0,AE3LUVAAITFJIUTWBMRPHDQOCOFQ::1656907706361,AE3LUVAAITFJIUTWBMRPHDQOCOFQ,test,2022-07-04 04:08:26.361,B0BC87LQ7Q,6,15,B08BLKFGND,B0BC87LQ7Q,YsesoAi 28 Pcs Hair Curlers Spiral Curls No Heat Wave Hair Curlers Styling Kit Spiral Hair Curlers Magic Hair Rollers with 2 Pieces Styling Hooks for Most Kinds of Hairstyles (20 cm/ 7.8 inches),"Arkology Dog Paw Cleaner & Pet Grooming Brush - Medium Size, Green Portable Pet Paw Washer with Green Towel, Soft Silicone Brush and Green Silicon Strap",tail,mid,B0BC87LQ7Q,B08BLKFGND,B0BC87LQ7Q,positive_vs_negative,0.7000000000000001,"The user's history shows interest in personal beauty and hair accessories, making hair curlers more relevant.",True,0.5882352941,0.0,0.4117647059,1.0,True,True,0.29411764705,0.70588235295,2,6,0.4901960784166666,1.0,pointwise_calibrated
AE3PLZHW6NXWBMZ76TDVFQG2MJFA::1671214216176::pair::0,AE3PLZHW6NXWBMZ76TDVFQG2MJFA::1671214216176,AE3PLZHW6NXWBMZ76TDVFQG2MJFA,test,2022-12-16 18:10:16.176,B0B6DPNJHQ,6,15,B07ZQ1QXK7,B0B6DPNJHQ,"Jade Roller Microneedle Derma Roller 3 in 1 for Face Massager Tools Set, Beautlinks Real Natural Rose Quartz for Anti Aging Relaxing Eye Puffiness Wrinkles for Face Eyes Neck Body","[SKIN&LAB] Barrierderm Milky Serum | Infused with Milk Ceramide Complex, Squalane, and Panthenol to Nourish Skin | Lock Moisture in Skin and Repair Skin Barrier | Hypoallergenic & Dermatologist Tested | Made in Korea | 1.69 Fl Oz",mid,mid,B0B6DPNJHQ,B0B6DPNJHQ,B07ZQ1QXK7,positive_vs_negative,0.8,"The user's history shows a strong preference for Korean-made, barrier-repair, and squalane-based skincare, which Candidate B matches closely.",True,0.5882352941,0.33333333330000003,0.4117647059,0.6666666667000001,True,True,0.4607843137,0.5392156862999999,3,1,0.41789215685000003,0.6666666666666666,pointwise_calibrated
AE3QBGRRHKT3GFDPRXFEN7JICEZQ::1640981627016::pair::0,AE3QBGRRHKT3GFDPRXFEN7JICEZQ::1640981627016,AE3QBGRRHKT3GFDPRXFEN7JICEZQ,test,2021-12-31 20:13:47.016,B09FXJRS2G,6,15,B08CMQHW3P,B09FXJRS2G,Fashion Line 24nch Long Straight Clip In Hair Extension Full Head 7pcs/set 20Clips Heat Resistant Thick Synthetic Hairpiece Clip On Hair Extensions Dark Brown Color,MAYJAM 12PCS Gel Nail Polish Set - Nude Blue Green Glitter Red Colors Collection with Base Top Coat - 8ML Gel Polish Kit Manicure DIY Home Salon,tail,tail,B09FXJRS2G,B09FXJRS2G,B08CMQHW3P,positive_vs_negative,0.8,The user has shown a clear preference for nail polish sets over hair tools.,True,0.37666666666199994,0.37666666666199994,,,False,False,0.37666666666199994,0.623333333338,5,2,0.37666666666199994,0.0,pointwise_calibrated
AE3TSST7D3QYFO2MUZ3QFNMYAEHQ::1599946156298::pair::0,AE3TSST7D3QYFO2MUZ3QFNMYAEHQ::1599946156298,AE3TSST7D3QYFO2MUZ3QFNMYAEHQ,test,2020-09-12 21:29:16.298,B085J354CL,6,15,B08B5FJMHM,B085J354CL,"2020 UPGRADED Exfoliating Loofah Sponge Pads, Natural Luffa Material Loofah Pads Shower Body Scruber for Men/Women Bath Spa and Shower (3 Pack)","Mr. Pristine Organic Beard Conditioner to Grow, Thicken, Moisturize and Protect Your Beard, 8.5 oz.",head,mid,B085J354CL,B08B5FJMHM,B085J354CL,positive_vs_negative,0.6000000000000001,"The loofah pads align more closely with general natural body care, similar to the natural deodorant.",True,0.37666666666199994,0.37666666666199994,,,False,False,0.37666666666199994,0.623333333338,3,4,0.37666666666199994,0.0,pointwise_calibrated
AE3UKETTR77J4LM2ZE4AEUC4L6KA::1663526694556::pair::0,AE3UKETTR77J4LM2ZE4AEUC4L6KA::1663526694556,AE3UKETTR77J4LM2ZE4AEUC4L6KA,test,2022-09-18 18:44:54.556,B0B6QK5ML2,6,15,B0B6QK5ML2,B07K7FB3WB,L’ANGE HAIR Pocket Size Comb | Blush Acetate | Compact Design for Travel | Easy Glide Mini Wide Tooth Comb,"Replacement Toothbrush Heads Compatible For Oral-B Braun Electric Toothbrush ,Sensitive brush heads Extra soft bristles. 8 Count",mid,mid,B0B6QK5ML2,B0B6QK5ML2,B07K7FB3WB,positive_vs_negative,0.7000000000000001,"The user's history shows a stronger interest in personal grooming and travel accessories, aligning with the compact travel comb.",True,0.37666666666199994,0.37666666666199994,,,False,False,0.37666666666199994,0.623333333338,3,6,0.37666666666199994,0.0,pointwise_calibrated
AE3X7PNUWXQU6FZQLQGIA6ZT45QA::1639987040377::pair::0,AE3X7PNUWXQU6FZQLQGIA6ZT45QA::1639987040377,AE3X7PNUWXQU6FZQLQGIA6ZT45QA,test,2021-12-20 07:57:20.377,B091DF3MPN,6,15,B07W7PNSV2,B091DF3MPN,"WIS Intensive Hydrating Facial Mask Smoothing Face Sheet Mask 24 Pack, Essence Full Face Facial Mask Sheet - Sensitive Soothing, Anti-Acne, Nourishing Cleansing Facial Mask Set for Women, Men","Mon Etoile de Beaute - Daily Feminine Cleansing Wash, pH-Balanced, Boric Acid, Apple Scent, Sulfate-Free",mid,tail,B091DF3MPN,B07W7PNSV2,B091DF3MPN,positive_vs_negative,0.6000000000000001,The user's history shows a stronger interest in general beauty and nail care items than in intimate or specialized hygiene products.,True,0.37666666666199994,0.37666666666199994,,,False,False,0.37666666666199994,0.623333333338,3,6,0.37666666666199994,0.0,pointwise_calibrated
AE4ECHUF4STGEQ6AQ5GI2SSJ5BTA::1661696838350::pair::0,AE4ECHUF4STGEQ6AQ5GI2SSJ5BTA::1661696838350,AE4ECHUF4STGEQ6AQ5GI2SSJ5BTA,test,2022-08-28 14:27:18.350,B0B5XFVSXY,6,15,B0B5XFVSXY,B09N9TZLG3,"MilyBest Fluffy Lashes False Eyelashes Natural Look Cat Eye Lashes, Dramatic Faux Mink Lashes 3D Effect 18mm D Curl Volume Extension Reusable Wispy Lashes Pack 10 Pairs","buyifan 430pcs Kids Temporary Tattoo for Forest Animals, Insects, Sea Animals,Circus theme Tattoos Sticker,for little Boys and Girls Waterproof Long Lasting and Non-toxic",head,mid,B0B5XFVSXY,B0B5XFVSXY,B09N9TZLG3,positive_vs_negative,0.8,The false eyelashes are a more relevant cosmetic accessory to the user's previous mascara purchase.,True,0.37666666666199994,0.37666666666199994,,,False,False,0.37666666666199994,0.623333333338,1,6,0.37666666666199994,0.0,pointwise_calibrated
AE4LTXTD5TUPPWFKDGRYWTPS7BRA::1606567182681::pair::0,AE4LTXTD5TUPPWFKDGRYWTPS7BRA::1606567182681,AE4LTXTD5TUPPWFKDGRYWTPS7BRA,test,2020-11-28 12:39:42.681,B087QYY7P5,6,15,B0B186FXGM,B087QYY7P5,"O!GETi Heartleaf Blemish Sheet Mask 10 Sheets | Essence Full Face Facial Mask Sheet, Sensitive Dry Skin, Soothing, Heartleaf Extract, Tea tree oil, Panthenol, Hyaluronic Acid, 100% Cellulose Sheet, Korean Face Mask Set for Women, Men",3 Packs Braiding Hair Extensions 165G Jumbo Braiding Hair High Temperature Synthetic Fiber Jumbo Braiding Hair Extensions ( Blue),tail,mid,B087QYY7P5,B087QYY7P5,B0B186FXGM,positive_vs_negative,0.8,The user's history shows a strong interest in hair extensions and braiding products.,True,0.37666666666199994,0.37666666666199994,,,False,False,0.37666666666199994,0.623333333338,6,1,0.37666666666199994,0.0,pointwise_calibrated
AE52IBHR6PNU5TIQ22NRXGVX3UAA::1678332940574::pair::0,AE52IBHR6PNU5TIQ22NRXGVX3UAA::1678332940574,AE52IBHR6PNU5TIQ22NRXGVX3UAA,test,2023-03-09 03:35:40.574,B0BPM7SBDK,6,15,B09WSVFSGJ,B0BPM7SBDK,Ultimate Essentials Kit,LUMINESS Aeroscalp Scalp Massaging Brush - Air Powered Sonic Hair Massager & Cleansing Device Tool Increases Lather of Shampoos to Clean the Scalp - Water-Resistant & Gentle for Sensitive Skin,mid,mid,B0BPM7SBDK,B0BPM7SBDK,B09WSVFSGJ,positive_vs_negative,0.6000000000000001,The scalp massaging brush is a hair care accessory that complements wig use.,True,0.37666666666199994,0.37666666666199994,,,False,False,0.37666666666199994,0.623333333338,4,3,0.37666666666199994,0.0,pointwise_calibrated
AE53545QTFI7RPWHC2BSGOAD3NYA::1463093551000::pair::0,AE53545QTFI7RPWHC2BSGOAD3NYA::1463093551000,AE53545QTFI7RPWHC2BSGOAD3NYA,test,2016-05-12 22:52:31.000,B0190K63GA,6,15,B08HQJXJ19,B0190K63GA,"10Pcs 3D Face Inner Silicone Bracket for Comfortable Breathing, Washable Reusable Silicone Bracket Under Frame Lipstick Protector Keep Fabric off Mouth to Create More Breathing Space","Best Anti-bacterial Body Wash : Tea Tree Oil, Argan Oil and Coconut Oil 3-in-1 Formula By Keeva. 100% Natural Ingredients Are Perfect for Moisturizing Dry, Sensitive Skin, & Fighting Body Acne.",tail,mid,B0190K63GA,B0190K63GA,B08HQJXJ19,positive_vs_negative,0.8,The user's history shows a strong preference for natural skincare and moisturizing products.,True,0.37666666666199994,0.37666666666199994,,,False,False,0.37666666666199994,0.623333333338,5,1,0.37666666666199994,0.0,pointwise_calibrated
AE53LZOCV5XAARLJJUBF4WNOEQJQ::1668048224805::pair::0,AE53LZOCV5XAARLJJUBF4WNOEQJQ::1668048224805,AE53LZOCV5XAARLJJUBF4WNOEQJQ,test,2022-11-10 02:43:44.805,B0B7DNFX1J,6,15,B0B7DNFX1J,B097TGX1J6,LLTGMV Rat Tail Comb Steel Pin Rat Tail Carbon Fiber Heat Resistant Teasing Combs with Stainless Steel Pintail (Pink),"Bath Tub Pillow Bathtub Pillows Headrest with Neck and Back Support, 4D Air Mesh Bath Accessories, 6 Strong Suction Cups, Hot Tub, Jacuzzi Home Spa for Women Men",mid,tail,B0B7DNFX1J,B0B7DNFX1J,B097TGX1J6,positive_vs_negative,0.6000000000000001,"The rat tail comb is a hair styling tool, which is more related to the user's interest in eyelash beauty products than a bath pillow.",True,0.37666666666199994,0.37666666666199994,,,False,False,0.37666666666199994,0.623333333338,6,5,0.37666666666199994,0.0,pointwise_calibrated
AE53TOMIUB7ENP3RD44KDAARU6AQ::1628969026765::pair::0,AE53TOMIUB7ENP3RD44KDAARU6AQ::1628969026765,AE53TOMIUB7ENP3RD44KDAARU6AQ,test,2021-08-14 19:23:46.765,B0B8SFDJN9,6,15,B0B8SFDJN9,B0046BPTI2,Hyaluronic Acid & Caffeine Eye Roller Serum for Men with Vitamin C – Made in USA – Depuffing Eye Roller Ball for Dark Circles & Puffiness – Mens Day & Night Anti-Aging Under Eye Serum Roller – 10ml (0.68 Fl Oz (Pack of 2)),"Hylunia Facial Day Lotion - 1.7 fl oz - Anti-Aging for Wrinkles - with Shea Butter, Hyaluronic Acid Serum, Zinc - Natural Vegan Moisturizer - Rapid Skin Repair",mid,tail,B0B8SFDJN9,B0046BPTI2,B0B8SFDJN9,positive_vs_negative,0.7000000000000001,"The user's history shows a focus on facial treatments for anti-aging and hydration, aligning better with a daily facial lotion.",True,0.37666666666199994,0.37666666666199994,,,False,False,0.37666666666199994,0.623333333338,2,1,0.37666666666199994,0.0,pointwise_calibrated
AE55NQRWURHFSVJRYDRLZQIL4RDA::1668584746801::pair::0,AE55NQRWURHFSVJRYDRLZQIL4RDA::1668584746801,AE55NQRWURHFSVJRYDRLZQIL4RDA,test,2022-11-16 07:45:46.801,B0BGN49TQL,6,15,B0BGN49TQL,B07X4J45PS,"Disposable Face Towel Extra Thick Lint-Free Disposable Face Cloths, Without Peculiar Smell, Cotton Tissue Dry Wipes for Sensitive Skin Face Cleansing, Surface Cleansing ,Baby Care, Travel,Outdoor Activities (70 Count (Pack of 1))","Cosmetic Travel Containers, Leakproof Silicone Travel Bottles Set, TSA Approved Travel Size Cosmetic Toiletries Containers Accessories Set for Shampoo Conditioner Facial Cleanser Cream",mid,mid,B0BGN49TQL,B0BGN49TQL,B07X4J45PS,positive_vs_negative,0.7000000000000001,The disposable face towels align more closely with the user's focus on sensitive skin facial care.,True,0.37666666666199994,0.37666666666199994,,,False,False,0.37666666666199994,0.623333333338,1,4,0.37666666666199994,0.0,pointwise_calibrated
AE5CNNH4M4LBEWEC5BVA54IJ75VA::1666570212288::pair::0,AE5CNNH4M4LBEWEC5BVA54IJ75VA::1666570212288,AE5CNNH4M4LBEWEC5BVA54IJ75VA,test,2022-10-24 00:10:12.288,B0B8V4641W,6,15,B089CSF11Y,B0B8V4641W,"Empty Brown Glass Spray Bottles2-Pack, Refillable 16 oz Containers for Essential Oils, Cleaning Products, Aromatherapy, Misting Plants, or Cooking - Reliable Sprayer with Mist and Stream Settings","MRTREUP Neon Face Paint UV Glow Body Paint Water Activated Eyeliner , 6 Colors Cake Eyelier Fluorescent Hydra Graphic Pink Green Glow in the Dark Body Paint for Club Halloween Party Makeup Art Paint",head,tail,B0B8V4641W,B0B8V4641W,B089CSF11Y,positive_vs_negative,0.6000000000000001,"Both are beauty-related, but the face paint aligns more closely with the user's interest in skin and cosmetic products.",True,0.37666666666199994,0.37666666666199994,,,False,False,0.37666666666199994,0.623333333338,6,5,0.37666666666199994,0.0,pointwise_calibrated
AE5ESL52LWWBJTSFOAXSFZA3XCGQ::1640868320440::pair::0,AE5ESL52LWWBJTSFOAXSFZA3XCGQ::1640868320440,AE5ESL52LWWBJTSFOAXSFZA3XCGQ,test,2021-12-30 12:45:20.440,B07KQ32Z8C,6,15,B00T83843U,B07KQ32Z8C,Advanced BioScience Vitamin C Serum and Phytoceramides,"APIVITA Queen Bee Holistic Age Defense Night Cream 1.69 fl.oz. |Intensive Night Treatment That Speeds Skin Regeneration, Smooths Wrinkle & Increases Skin Elasticity with Royal Jelly & Hyaluronic Acid",tail,mid,B07KQ32Z8C,B00T83843U,B07KQ32Z8C,positive_vs_negative,0.8,"The user has shown a strong preference for Vitamin C serums and anti-aging treatments, which Candidate A matches closely.",True,0.37666666666199994,0.37666666666199994,,,False,False,0.37666666666199994,0.623333333338,2,1,0.37666666666199994,0.0,pointwise_calibrated
AE5GH4VM5Q5HNUL4EOAYRLNB7RVA::1665951749528::pair::0,AE5GH4VM5Q5HNUL4EOAYRLNB7RVA::1665951749528,AE5GH4VM5Q5HNUL4EOAYRLNB7RVA,test,2022-10-16 20:22:29.528,B0B7DNFX1J,6,15,B0B7ZSY2P6,B0B7DNFX1J,LLTGMV Pocket Combs,LLTGMV Rat Tail Comb Steel Pin Rat Tail Carbon Fiber Heat Resistant Teasing Combs with Stainless Steel Pintail (Pink),tail,mid,B0B7DNFX1J,B0B7DNFX1J,B0B7ZSY2P6,positive_vs_negative,0.7000000000000001,"The user's history shows a strong interest in detailed nail and beauty tools, making the specialized rat tail comb more relevant.",True,0.37666666666199994,0.37666666666199994,,,False,False,0.37666666666199994,0.623333333338,6,5,0.37666666666199994,0.0,pointwise_calibrated
AE5IMGWRBJA7JQFBQTBK25HDYGVA::1663705844592::pair::0,AE5IMGWRBJA7JQFBQTBK25HDYGVA::1663705844592,AE5IMGWRBJA7JQFBQTBK25HDYGVA,test,2022-09-20 20:30:44.592,B0B88X2FK4,6,15,B07XVNJFNF,B0B88X2FK4,"100pcs Premium Quality Hair Clips, 20 Glossy Colors Snap Hair Clips, 2 Inch Hair Barrettes with Perfect Grip, Durable Colorful Hair Clips with Smooth Edges for Kids, Girls, Women","Hook Ya Sport Non-Nano Mineral Sunscreen 3oz, 2 Pack 6oz Total, Reef Safe, UVA/UVB Protection, Octinoxate & Oxybenzone Free, Bait Safe, Boat Safe, Non-Greasy, No Fragrance, Ultralight Finish, Approved for use in Hawaii and Mexico, Made in the USA",mid,mid,B0B88X2FK4,B0B88X2FK4,B07XVNJFNF,positive_vs_negative,0.7000000000000001,"The user's history shows a strong focus on skincare, and sunscreen is a fundamental skincare product.",True,0.37666666666199994,0.37666666666199994,,,False,False,0.37666666666199994,0.623333333338,2,1,0.37666666666199994,0.0,pointwise_calibrated
AE5MYIUHLA3BAMM2MFJXJQN6UPRQ::1617432049277::pair::0,AE5MYIUHLA3BAMM2MFJXJQN6UPRQ::1617432049277,AE5MYIUHLA3BAMM2MFJXJQN6UPRQ,test,2021-04-03 06:40:49.277,B0895XPZNT,6,15,B07WTZP6WD,B0895XPZNT,STYLEAGAL False Eyelashes - 4 Pairs Multipack Natural 3D False Eyelashes Natural Thick Hand-Made Faux Mink Eyelashes Extension(G106),"QTMY Fashion Rhinestone Flower Headband,Wide Hair Hoop for Women,Hair Accessories Head Band Headwear,White",tail,head,B0895XPZNT,B0895XPZNT,B07WTZP6WD,positive_vs_negative,0.5,"The headband is a general beauty accessory, while false eyelashes are a more specialized cosmetic item with no clear link to the user's skincare set.",True,0.37666666666199994,0.37666666666199994,,,False,False,0.37666666666199994,0.623333333338,4,6,0.37666666666199994,0.0,pointwise_calibrated
AE5OJZNODDQGPPOU2H3A5N2VDO5Q::1669490292436::pair::0,AE5OJZNODDQGPPOU2H3A5N2VDO5Q::1669490292436,AE5OJZNODDQGPPOU2H3A5N2VDO5Q,test,2022-11-26 19:18:12.436,B0B7WR1NB7,6,15,B0895FHBVG,B0B7WR1NB7,KRISNICE Gel Nail Polish Kit- 6 Colors Blue Olive Turquoise Lavender Purple Gel Polish Set Glitter Nail Polish Soak Off LED Gel Nail Kit Nail Art Manicure Salon DIY at Home Gifts for Women (KCS6-010),LLTGMV Rat Tail Comb Steel Pin Rat Tail Carbon Fiber Heat Resistant Teasing Combs with Stainless Steel Pintail (Black),mid,mid,B0B7WR1NB7,B0B7WR1NB7,B0895FHBVG,positive_vs_negative,0.6000000000000001,"The comb is more related to hair care, which aligns with the user's interest in a hair butter product.",True,0.37666666666199994,0.37666666666199994,,,False,False,0.37666666666199994,0.623333333338,3,2,0.37666666666199994,0.0,pointwise_calibrated
AE5XXWK5FGU62ROWKSF2VR2EAI7Q::1611631795210::pair::0,AE5XXWK5FGU62ROWKSF2VR2EAI7Q::1611631795210,AE5XXWK5FGU62ROWKSF2VR2EAI7Q,test,2021-01-26 03:29:55.210,B089SVZ3NP,6,15,B089SVZ3NP,B08H4NMXHD,"Nail File and Buffers,TsMADDTs 14 Pack Professional Manicure Tools Set with 6PCS 100/180 Grit Nail Files Double Sided Emery Board 6PCS Nail Buffer Block 120 Grit Nail Scrubbing Brush Cuticle Knife","Hoop Headbands for Women Premium Tortoise Acetate Wide Headbands No-Slip Grip Hair Hoop Styling Accessorie for Girls,Twin Pack(Marble)",mid,tail,B089SVZ3NP,B08H4NMXHD,B089SVZ3NP,positive_vs_negative,0.6000000000000001,"The user's history shows a focus on hair and beard styling, making a hair accessory more relevant than a nail care set.",True,0.37666666666199994,0.37666666666199994,,,False,False,0.37666666666199994,0.623333333338,3,6,0.37666666666199994,0.0,pointwise_calibrated
AE63S652NKXBM36PVEQHSYA4QHLA::1671756914886::pair::0,AE63S652NKXBM36PVEQHSYA4QHLA::1671756914886,AE63S652NKXBM36PVEQHSYA4QHLA,test,2022-12-23 00:55:14.886,B0BN7ZDMD5,6,15,B0B8Q3WTGP,B0BN7ZDMD5,L'ANGE HAIR Argan-Infused Round Brush | Lightweight & Ergonomic Design | 53MM Tourmaline Ceramic Barrel,"AIBRIT Gel Polish 4 Pcs Gel Base Coat, Strengthener Coat No Wipe Gel Top Coat Glossy Shiny & Matte Soak-off LED UV Light Gel Polish for Manicure Nail Art",head,mid,B0BN7ZDMD5,B0B8Q3WTGP,B0BN7ZDMD5,positive_vs_negative,0.6000000000000001,"Both are hair and beauty accessories, but the brush is more directly related to hair styling like the user's previous clip purchase.",True,0.37666666666199994,0.37666666666199994,,,False,False,0.37666666666199994,0.623333333338,1,6,0.37666666666199994,0.0,pointwise_calibrated
AE644JVRCJETRVH5MHJ55NHVPOFQ::1466898921000::pair::0,AE644JVRCJETRVH5MHJ55NHVPOFQ::1466898921000,AE644JVRCJETRVH5MHJ55NHVPOFQ,test,2016-06-25 23:55:21.000,B01CUPHRQM,6,15,B01CUPHRQM,B08KZQKD4G,Beard Oil - Rousing Citrus Scent - Huge Man-Sized 4 oz Bottle - 100% Natural - Softens Your Beard and Stops Itching - Scent Women Love - Best Beard Oil And Conditioner For Men,"8 PCS 40ML Mini Spray Bottles, FANDAMEI Fine Mist Plastic Spray Bottles, Empty Refillable Clear Atomizer for Cleaning, Travel, Essential Oils, Perfume, Makeup Liquids. Travel Size, Pink & Blue",head,tail,B01CUPHRQM,B01CUPHRQM,B08KZQKD4G,positive_vs_negative,0.7000000000000001,"The user has shown interest in natural oil-based grooming products, making the beard oil a more relevant match.",True,0.37666666666199994,0.37666666666199994,,,False,False,0.37666666666199994,0.623333333338,5,6,0.37666666666199994,0.0,pointwise_calibrated
AE647AXNLY7Z2QEWUPYUPY7UO6WQ::1622832063229::pair::0,AE647AXNLY7Z2QEWUPYUPY7UO6WQ::1622832063229,AE647AXNLY7Z2QEWUPYUPY7UO6WQ,test,2021-06-04 18:41:03.229,B0888CX245,6,15,B0888CX245,B08FR3QXYY,"STYLEAGAL Portable Electric Nail Drill, Manicure Pedicure Drill Kit Professional nail starter kit for beginners acrylic with drill（2020 Upgraded）","Fountain of Truth Magic Wand Sculpting Eye Roller – Anti-Aging Eye Cream in a Skin Massager Tool –Wrinkle, Dark Circle & Puffiness Treatment – Clean, Natural & Efficacious Beauty & Skin Care Products",head,tail,B0888CX245,B08FR3QXYY,B0888CX245,positive_vs_negative,0.7000000000000001,It aligns more closely with the user's prior interest in facial skincare and treatment tools.,True,0.37666666666199994,0.37666666666199994,,,False,False,0.37666666666199994,0.623333333338,5,1,0.37666666666199994,0.0,pointwise_calibrated
AE6AUO3Z6Q5N5VK2JDWGZEGFW4GA::1637758149109::pair::0,AE6AUO3Z6Q5N5VK2JDWGZEGFW4GA::1637758149109,AE6AUO3Z6Q5N5VK2JDWGZEGFW4GA,test,2021-11-24 12:49:09.109,B095RYJJHY,6,15,B095RYJJHY,B07YYW1913,"21Pcs Dip Powder Nail Kit - Aubss 10 Colors Dip Nail Kit, Neutral Skin Tone Dipping Powder Colors Kit, Dip Powder for French Nail Art Nail Manicure Kit Salon DIY Home, No Nail Lamp Needed",Straight 13x4 Lace Front Wigs Burgundy Lace Front Wigs Long Bob Synthetic Ombre Wine Red Wig Pre-plucked with Baby Hair Free Part Heat Resistant Synthetic Lace Wigs for Women 20 Inch,mid,head,B095RYJJHY,B095RYJJHY,B07YYW1913,positive_vs_negative,0.8,"The user previously purchased a gel nail polish kit, indicating an interest in DIY nail products.",True,0.37666666666199994,0.37666666666199994,,,False,False,0.37666666666199994,0.623333333338,1,5,0.37666666666199994,0.0,pointwise_calibrated
AE6DYQ3JL7K53MUXRBUAYGK5U4LQ::1436487019000::pair::0,AE6DYQ3JL7K53MUXRBUAYGK5U4LQ::1436487019000,AE6DYQ3JL7K53MUXRBUAYGK5U4LQ,test,2015-07-10 00:10:19.000,B00XDB3QTA,6,15,B09DXR7QJY,B00XDB3QTA,"Crystal Glass Dappen Dishes for Nail Art Acrylic Liquid Powder and Nail Polish Removing (2, Clear)",Mererke_Pretty Nurtured Argan Oil (1.7oz),tail,mid,B00XDB3QTA,B00XDB3QTA,B09DXR7QJY,positive_vs_negative,0.8,"The user previously purchased argan oil, making another argan oil product more relevant.",True,0.37666666666199994,0.37666666666199994,,,False,False,0.37666666666199994,0.623333333338,4,1,0.37666666666199994,0.0,pointwise_calibrated
AE6EZAPB2MIE6WDGT47XG26IDTKA::1670004460536::pair::0,AE6EZAPB2MIE6WDGT47XG26IDTKA::1670004460536,AE6EZAPB2MIE6WDGT47XG26IDTKA,test,2022-12-02 18:07:40.536,B0B7DQ98PR,6,15,B084WT433X,B0B7DQ98PR,"Think Nature Orange Blossom Shampoo, No Sulfate Paraben, All hair types16.9fl.oz(500ml)","LLTGMV 50 Pcs Baby Hair Ties, Cotton Toddler Hair Ties for Girls and Kids, Multicolor Small Seamless Hair Bands Elastic Ponytail Holders",tail,mid,B0B7DQ98PR,B0B7DQ98PR,B084WT433X,positive_vs_negative,0.6000000000000001,"Both are unrelated to false eyelashes, but hair ties are a closer accessory category to beauty and styling.",True,0.37666666666199994,0.37666666666199994,,,False,False,0.37666666666199994,0.623333333338,6,5,0.37666666666199994,0.0,pointwise_calibrated
AE6I5KFJ2EJNRBBV7NWURRU2X6UQ_1::1603695812201::pair::0,AE6I5KFJ2EJNRBBV7NWURRU2X6UQ_1::1603695812201,AE6I5KFJ2EJNRBBV7NWURRU2X6UQ_1,test,2020-10-26 07:03:32.201,B08CZM3GH3,6,15,B08CZM3GH3,B09LLKBZ3S,Leetaltree 6Pcs Makeup Sponge Set,Morovan Gel Nail Polish Remover Kit - 16oz Gel Polish Remover Professional Remover Liquid Set with Soak-Off Clip Cuticle Pusher Nail File Quick Easy Remove UV Gel Polish Glitter Powder,mid,tail,B08CZM3GH3,B08CZM3GH3,B09LLKBZ3S,positive_vs_negative,0.6000000000000001,"The user's history shows a focus on hair and eye makeup, making a makeup sponge more relevant than a nail care kit.",True,0.37666666666199994,0.37666666666199994,,,False,False,0.37666666666199994,0.623333333338,3,4,0.37666666666199994,0.0,pointwise_calibrated
AE6J77LJBLTGMPPCT4VE2A5RCPPA::1653096599388::pair::0,AE6J77LJBLTGMPPCT4VE2A5RCPPA::1653096599388,AE6J77LJBLTGMPPCT4VE2A5RCPPA,test,2022-05-21 01:29:59.388,B0B5X48DZR,6,15,B09TQ2SDKK,B0B5X48DZR,"AIIR Diamond Shampoo - Fragrance Free Shampoo for Color Treated Hair, Sulfate Free Shampoo, Organic Shampoo - Cleansing and Moisturizing Color Safe Shampoo, Hair Repair - 8 oz","HATELI Six types of combs Detangling Pet Comb with Long & Short Stainless Steel Teeth for Removing Matted Fur, Knots & Tangles – Detangler Tool Accessories for Safe & Gentle DIY Dog & Cat Grooming (61 tooth long and short flea comb)",mid,tail,B0B5X48DZR,B09TQ2SDKK,B0B5X48DZR,positive_vs_negative,0.7000000000000001,The shampoo is a hair care product that complements the user's interest in hair styling tools.,True,0.37666666666199994,0.37666666666199994,,,False,False,0.37666666666199994,0.623333333338,3,5,0.37666666666199994,0.0,pointwise_calibrated
AE6PSXRFBXPR4AHQKR2TQC56EKKQ::1649135802458::pair::0,AE6PSXRFBXPR4AHQKR2TQC56EKKQ::1649135802458,AE6PSXRFBXPR4AHQKR2TQC56EKKQ,test,2022-04-05 05:16:42.458,B09B7F54K1,6,15,B09B7F54K1,B082MDFNZM,21pcs with storage box for girls big bow hairpin ribbon full cover flower hairpin baby toddler hair accessories,"Baasha 4 Pcs Paddle Brush Set, Detangling Brush and Hair Comb Set, Thick Hair Brush Set for Men & Women, No More Tangle Hairbrush Comb Set, Hair Care Gift Set Hair Brush Comb Set",head,mid,B09B7F54K1,B09B7F54K1,B082MDFNZM,positive_vs_negative,0.6000000000000001,"The user's previous baby care item suggests a focus on young children, making baby hair accessories more relevant than general adult hair brushes.",True,0.37666666666199994,0.37666666666199994,,,False,False,0.37666666666199994,0.623333333338,4,3,0.37666666666199994,0.0,pointwise_calibrated
AE6TDCUOKCSCRL5ZHWKEL7QHOA3A::1581696070910::pair::0,AE6TDCUOKCSCRL5ZHWKEL7QHOA3A::1581696070910,AE6TDCUOKCSCRL5ZHWKEL7QHOA3A,test,2020-02-14 16:01:10.910,B07Z3NRMBS,6,15,B08DK5D9J5,B07Z3NRMBS,MOSTORY Glitter Crystal Liquid Eyeshadow Set - 4 Pack Pigmented Liquid Eye shadows Matte Shimmer Metallic Quick Dry Crease Resistant Long Lasting Flake-Proof Blendable Non-Greasy Eye Makeup (4 Pack),"Pharmacopia Tangerine-Flavored Lip Balm - Set of 2, 0.25oz - Nourishing Herbal Lip Elixir with 100% Natural and Certified Organic Ingredients",head,mid,B07Z3NRMBS,B07Z3NRMBS,B08DK5D9J5,positive_vs_negative,0.6000000000000001,The lip balm aligns more closely with the user's interest in personal care and botanical ingredients.,True,0.37666666666199994,0.37666666666199994,,,False,False,0.37666666666199994,0.623333333338,6,3,0.37666666666199994,0.0,pointwise_calibrated
AE7IYF7RTSGCJORHIE56UHRAMY5A::1674932647460::pair::0,AE7IYF7RTSGCJORHIE56UHRAMY5A::1674932647460,AE7IYF7RTSGCJORHIE56UHRAMY5A,test,2023-01-28 19:04:07.460,B0BQWTXV2Q,6,15,B0BQWTXV2Q,B0B4RV6X1H,"Hanz de Fuko Everything Wash for Hair, Face & Body – All-in-One Soap & Shampoo for Men, Women & Kids, Safe for Sensitive Skin – Minty Rum & Sandalwood, 8 oz. Bottle","MRTREUP Chrome Nail Powder Palette , Metallic Mirror Effect Chrome Powder for Nails , Rose Gold Sliver Pink Holographic Nail Glitter Nail Pigment Powder for DIY Salon Nail Art Decorations",mid,head,B0BQWTXV2Q,B0BQWTXV2Q,B0B4RV6X1H,positive_vs_negative,0.8,"The user's history shows a focus on skincare and shower-related personal care, making the all-in-one wash a more logical extension than nail art supplies.",True,0.37666666666199994,0.37666666666199994,,,False,False,0.37666666666199994,0.623333333338,2,4,0.37666666666199994,0.0,pointwise_calibrated
AE7ORM7AKFHTVW6GYY66E4MEAIVA::1657596977219::pair::0,AE7ORM7AKFHTVW6GYY66E4MEAIVA::1657596977219,AE7ORM7AKFHTVW6GYY66E4MEAIVA,test,2022-07-12 03:36:17.219,B09ZNXX417,6,15,B09ZNXX417,B08DKK7KXV,FantaLook Short Heart Styled Reddish Brown Heat Resistant Wig with Teeth Necklace Earrings for Halloween Party,"Portable Travel Bottles Set,Leak Proof Squeezable Silicon Tubes Travel Size Toiletries Containers,TSA Approved Refillable Travel Accessories for Shampoo Liquids (1.3Oz,4 Pack)",mid,mid,B09ZNXX417,B09ZNXX417,B08DKK7KXV,positive_vs_negative,0.7000000000000001,The user's previous wig purchase suggests a stronger interest in hair/costume items than in travel accessories.,True,0.37666666666199994,0.37666666666199994,,,False,False,0.37666666666199994,0.623333333338,1,4,0.37666666666199994,0.0,pointwise_calibrated
AE7S6QS5XPGQGVGUH4NQIIT5DZPA::1447284853000::pair::0,AE7S6QS5XPGQGVGUH4NQIIT5DZPA::1447284853000,AE7S6QS5XPGQGVGUH4NQIIT5DZPA,test,2015-11-11 23:34:13.000,B00X6P92OG,6,15,B00X6P92OG,B005HJHPCA,"OZNaturals Tinted Moisturizer, SPF 30 Sunscreen. Broad Spectrum Protection. Zinc Oxide + Minerals In This Tinted Sunscreen Protects, Moisturizes And Blends Well To Provide A Rich, Youthful Glow!","CONTROL CORRECTIVE Clear Med 5% Acne Treatment Lotion. 2.5 Oz - Kills Acne Bacteria, Helps Clear & Control Breakouts, Benzoyl Peroxide, 3% Sulfur To Improve Efficacy And Dry Up Blemishes, Penetrates",mid,tail,B00X6P92OG,B00X6P92OG,B005HJHPCA,positive_vs_negative,0.9,It closely matches the user's prior interest in SPF 30 mineral sunscreen for anti-aging and a healthy glow.,True,0.37666666666199994,0.37666666666199994,,,False,False,0.37666666666199994,0.623333333338,1,3,0.37666666666199994,0.0,pointwise_calibrated
AE7YJEF3XD5OYHLAMDDDXCL52V2A::1428588578000::pair::0,AE7YJEF3XD5OYHLAMDDDXCL52V2A::1428588578000,AE7YJEF3XD5OYHLAMDDDXCL52V2A,test,2015-04-09 14:09:38.000,B00PKIE760,6,15,B0B1H78PNW,B00PKIE760,"New Soft Hair Curlers Rollers,Heatless Curling Headband for Sleeping, No Heat Ponytail Hairband Hair Curler,Overnight Lazy Scrunchie Rollers Magic DIY Hair Styling Tools for Long Hair (pink)","InstaNatural Cellulite Cream - With Caffeine & Retinol - Body Firming Solution & Tightening Lotion for Thigh Area, Buttocks & More - No Wrap Needed - Anti Cellulite Control Treatment - 4 OZ",tail,mid,B00PKIE760,B0B1H78PNW,B00PKIE760,positive_vs_negative,0.6000000000000001,"Both are wearable personal items, but the hair curler is more likely to align with a general accessory interest than a specialized cellulite treatment.",True,0.37666666666199994,0.37666666666199994,,,False,False,0.37666666666199994,0.623333333338,1,3,0.37666666666199994,0.0,pointwise_calibrated
AE7YYSYFEWAYIUCAK4W33CHPP4JQ::1629190054802::pair::0,AE7YYSYFEWAYIUCAK4W33CHPP4JQ::1629190054802,AE7YYSYFEWAYIUCAK4W33CHPP4JQ,test,2021-08-17 08:47:34.802,B08DJ1BMHX,6,15,B08DJ1BMHX,B08WHBSK6R,"Portable Electric Nail Drill,Professional Nail Drill Kit for Acrylic Gel Nails,Efile Nail Drill Manicure Polishing Shape Tools for Beginners Home Salon Use,Purple","Kidskin- Foaming Body Wash with Tea Tree Oil- Helps Combat Body and Foot Odor and Stubborn Body Acne and Skin Issues - Cruelty Free, Gluten Free, Paraben Free, Sulfate Free, Unscented, and Vegan- Made in USA",tail,mid,B08DJ1BMHX,B08WHBSK6R,B08DJ1BMHX,positive_vs_negative,0.6000000000000001,"The user's previous items are skincare-related, making a body wash for skin issues a more aligned recommendation than a nail drill.",True,0.37666666666199994,0.37666666666199994,,,False,False,0.37666666666199994,0.623333333338,6,1,0.37666666666199994,0.0,pointwise_calibrated
AE7ZWVM3BUBG5OFF37ALYQHHVHVQ::1669912189807::pair::0,AE7ZWVM3BUBG5OFF37ALYQHHVHVQ::1669912189807,AE7ZWVM3BUBG5OFF37ALYQHHVHVQ,test,2022-12-01 16:29:49.807,B09X23VTSQ,6,15,B09X23VTSQ,B08T5LG5FT,REBONCEL Aqua Rich Hydrating Face Foam Cleanser Gentle Hypoallergenic pH Balance Korean Skin Care Face Wash Cleansing Foam(8.45 fl.oz 250ml),Makeup Brushes 12PCs- CLOWII Professional Premium Birch Handle Makeup Brush Foundation Concealer Brush Set of 12 with 1 Makeup Cleaner(Black),mid,tail,B09X23VTSQ,B09X23VTSQ,B08T5LG5FT,positive_vs_negative,0.7000000000000001,"The user's history shows a focus on Korean skincare and complexion products, making the hydrating Korean face cleanser a more relevant match.",True,0.37666666666199994,0.37666666666199994,,,False,False,0.37666666666199994,0.623333333338,1,3,0.37666666666199994,0.0,pointwise_calibrated
AEA42FBHILJ6UOXAYMRVKPTA4IWA::1666147359395::pair::0,AEA42FBHILJ6UOXAYMRVKPTA4IWA::1666147359395,AEA42FBHILJ6UOXAYMRVKPTA4IWA,test,2022-10-19 02:42:39.395,B0B593V71L,6,15,B09B7F54K1,B0B593V71L,21pcs with storage box for girls big bow hairpin ribbon full cover flower hairpin baby toddler hair accessories,"Shower Cap for Women Reusable Long Hair Double Waterproof Large Shower Hair Hat Adjustable (11 inches, Pink, Black, Bowknot)",head,tail,B0B593V71L,B0B593V71L,B09B7F54K1,positive_vs_negative,0.6000000000000001,The user's hair brush purchase suggests a stronger interest in hair care accessories than in children's hair accessories or unrelated beauty categories.,True,0.37666666666199994,0.37666666666199994,,,False,False,0.37666666666199994,0.623333333338,3,2,0.37666666666199994,0.0,pointwise_calibrated
AEA6QOWQBEDUOOAFVVJ7VWXATEEA::1679209475061::pair::0,AEA6QOWQBEDUOOAFVVJ7VWXATEEA::1679209475061,AEA6QOWQBEDUOOAFVVJ7VWXATEEA,test,2023-03-19 07:04:35.061,B0BBBKTDWS,6,15,B0BBBKTDWS,B07SY7WPS4,Professional Makeup Brush Set Luxury 11pcs Silver Glitter Crystal Make Up Brush Kit Vegan Soft Synthetic Hair Foundation Eyeshadow Eyebrow Lip Cosmetic Brush Set With Gift Box For Girl,"SOFTACULOUS Foot Peeling Mask Booties – 2 Pairs, Baby Soft Skin in 7 Days",tail,head,B0BBBKTDWS,B0BBBKTDWS,B07SY7WPS4,positive_vs_negative,0.7000000000000001,The makeup brush set aligns more closely with the beauty and cosmetics theme suggested by the previously purchased essentials kit.,True,0.37666666666199994,0.37666666666199994,,,False,False,0.37666666666199994,0.623333333338,5,4,0.37666666666199994,0.0,pointwise_calibrated
AEABAFTBLV2D76BLGUWFPVBANZGQ::1678937433271::pair::0,AEABAFTBLV2D76BLGUWFPVBANZGQ::1678937433271,AEABAFTBLV2D76BLGUWFPVBANZGQ,test,2023-03-16 03:30:33.271,B0BL23M7W9,6,15,B0B6VCC3BG,B0BL23M7W9,"Arqumi 2 Pack Haning Drying Mesh Rack, Zipper Closure Mesh Rack Hanging Basket Beauty Sponge Egg Dryer Net with Hook, Pink+Green",eZn Dr.Bond Special Hair Damage Care Set,tail,tail,B0BL23M7W9,B0BL23M7W9,B0B6VCC3BG,positive_vs_negative,0.6000000000000001,"The user's previous item is a skincare serum, making a hair care set more thematically related than a drying rack.",True,0.37666666666199994,0.37666666666199994,,,False,False,0.37666666666199994,0.623333333338,5,2,0.37666666666199994,0.0,pointwise_calibrated
AEADQI7C4R2POQAY7LTFKGWMFFTA::1671135845465::pair::0,AEADQI7C4R2POQAY7LTFKGWMFFTA::1671135845465,AEADQI7C4R2POQAY7LTFKGWMFFTA,test,2022-12-15 20:24:05.465,B0BKLCF1CL,6,15,B0BKLCF1CL,B08J49TCX6,SalonSilk Round Brush Set,Rhinestone Crystal Diamond Headbands for Women Luxury Shiny Padded Diamond Headband Hair Hoops Fashion Hair Accessories for Girls Bejewelled Hairband Sparkly Party Headband (Rainbow),mid,tail,B0BKLCF1CL,B0BKLCF1CL,B08J49TCX6,positive_vs_negative,0.6000000000000001,"The user's history shows a focus on personal grooming and skincare, making a hair styling brush more aligned than a decorative headband.",True,0.37666666666199994,0.37666666666199994,,,False,False,0.37666666666199994,0.623333333338,2,6,0.37666666666199994,0.0,pointwise_calibrated
AEAFXKZ7YPG566WU6ZM33SDBJBLQ::1675873862541::pair::0,AEAFXKZ7YPG566WU6ZM33SDBJBLQ::1675873862541,AEAFXKZ7YPG566WU6ZM33SDBJBLQ,test,2023-02-08 16:31:02.541,B0BFLNDCGH,6,15,B0BFLNDCGH,B07GDQPG12,"NaSeny Eyelash Shampoo for Lash Extensions Amino Acid Non Irritating Eyelash Extension Cleanser Paraben & Sulfate Free Natural Eyelash Extension Shampoo Professional Eyelid Foaming Cleanser with Brushes for Salon and Home Care (60ml, 2 Fl Oz)",Spa Grade Jade Roller for Face with Gua Sha | Jade Face Roller Massager | Jade Facial Roller | Face Roller Massager | Jade Rollers | Wrinkle Roller,tail,head,B0BFLNDCGH,B07GDQPG12,B0BFLNDCGH,positive_vs_negative,0.6000000000000001,"The user's interest in nail art kits suggests a broader focus on beauty and self-care tools, making a facial massage tool more aligned than a specialized eyelash cleanser.",True,0.37666666666199994,0.37666666666199994,,,False,False,0.37666666666199994,0.623333333338,6,2,0.37666666666199994,0.0,pointwise_calibrated
AEANXJKHHZK3KZ7JK2Q7KJXAF5AA::1654568688757::pair::0,AEANXJKHHZK3KZ7JK2Q7KJXAF5AA::1654568688757,AEANXJKHHZK3KZ7JK2Q7KJXAF5AA,test,2022-06-07 02:24:48.757,B09NSK1NQH,6,15,B09NSK1NQH,B08KFLJQMR,Dry Weightless Hair Volume and Texture Spray | Dry Texture Spray for Hair | Texturizing Spray | Sulfate and Cruelty Free 244ml (7oz),Vitamin C Face Serum with Lemon Peel Bio Ferment Restorative Anti-Aging Serum with 20% Vitamin C MSM Hyaluronic Acid Organic Aloe Vera and Jojoba – 1 Ounce,head,mid,B09NSK1NQH,B08KFLJQMR,B09NSK1NQH,positive_vs_negative,0.7000000000000001,"The user's previous facial hair removal item suggests a focus on facial skincare, making the Vitamin C serum a more relevant follow-up.",True,0.37666666666199994,0.37666666666199994,,,False,False,0.37666666666199994,0.623333333338,2,1,0.37666666666199994,0.0,pointwise_calibrated
AEAPEDV2ECKELKIH26SR6DIB7S3A::1609540714622::pair::0,AEAPEDV2ECKELKIH26SR6DIB7S3A::1609540714622,AEAPEDV2ECKELKIH26SR6DIB7S3A,test,2021-01-01 22:38:34.622,B08KHSB33G,6,15,B07YYW1913,B08KHSB33G,Straight 13x4 Lace Front Wigs Burgundy Lace Front Wigs Long Bob Synthetic Ombre Wine Red Wig Pre-plucked with Baby Hair Free Part Heat Resistant Synthetic Lace Wigs for Women 20 Inch,"Galashy Magnetic Eyelashes With Eyeliner Kit - 5 Pairs Reusable False Lashes, 2 Bottles Magnetic Liner, Tweezer Applicator Tool",head,mid,B08KHSB33G,B08KHSB33G,B07YYW1913,positive_vs_negative,0.6000000000000001,"The user's previous items are personal care cosmetics, making magnetic eyelashes a more aligned beauty accessory than a wig.",True,0.37666666666199994,0.37666666666199994,,,False,False,0.37666666666199994,0.623333333338,5,3,0.37666666666199994,0.0,pointwise_calibrated
AEAT2QOOIXWFLBQESCVLAVXLK3RQ::1626045412576::pair::0,AEAT2QOOIXWFLBQESCVLAVXLK3RQ::1626045412576,AEAT2QOOIXWFLBQESCVLAVXLK3RQ,test,2021-07-11 23:16:52.576,B08SBV6Z57,6,15,B0719CXFHG,B08SBV6Z57,"Hydrogel Face Mask with Rose Water (5 MASKS): WHOLESALE Gel Sheet Masks with Rose Essential Oils, Red Wine Essence, Hyaluronic Acid, Collagen, and Vitamin E for Deep, Intensive Hydration","2 Pack Foundation Full Coverage Liquid Foundation, Foundation Primer, 4 Makeup Sponge, Cosmetic Bag, 24HR Matte Oil Control Concealer Foundation (Nude #102+Buff Beige #104)",tail,mid,B08SBV6Z57,B0719CXFHG,B08SBV6Z57,positive_vs_negative,0.8,The user's history shows a strong preference for skincare and treatment items over base makeup.,True,0.37666666666199994,0.37666666666199994,,,False,False,0.37666666666199994,0.623333333338,1,2,0.37666666666199994,0.0,pointwise_calibrated
AEAULPMFJAJ3LY45DFUK6XBYJJUA::1631148559483::pair::0,AEAULPMFJAJ3LY45DFUK6XBYJJUA::1631148559483,AEAULPMFJAJ3LY45DFUK6XBYJJUA,test,2021-09-09 00:49:19.483,B097Y9L3J8,6,15,B097Y9L3J8,B07T3WQPRF,"[ 2 Pack] Eyebrow Pencil -Makeup Brow Stylist Definer Longlasting Waterproof Brow Pencil with Spoolie Brush, Shaper and Filler Auto Pencil For Women - All Hair Colors & Skin Tones (A-Brown)","6 Pcs Pink Baby Girl Hair Bow Clips Set, Alligator Clip Hair Accessories with Gift Box, Back to School Dress",mid,mid,B097Y9L3J8,B097Y9L3J8,B07T3WQPRF,positive_vs_negative,0.7000000000000001,"The user's first interaction is a makeup brush set, suggesting an interest in cosmetics, which aligns more with an eyebrow pencil than baby hair accessories.",True,0.37666666666199994,0.37666666666199994,,,False,False,0.37666666666199994,0.623333333338,1,6,0.37666666666199994,0.0,pointwise_calibrated
AEAV6DQ5GDYWY72VTH2TRC2QA6QQ::1676483553243::pair::0,AEAV6DQ5GDYWY72VTH2TRC2QA6QQ::1676483553243,AEAV6DQ5GDYWY72VTH2TRC2QA6QQ,test,2023-02-15 17:52:33.243,B0BP2Y6QY4,6,15,B0BP2Y6QY4,B082VYX7G8,LUMOSMAX Hair Growth Serum with built-in Scalp Massager - Promotes Hair Care and improves Scalp Health while Nourishing Scalp | Serum Applicator for Women,"1800 Watt Hair Dryer with Diffuser Hot and Cool Settings 2 Speed Adjustable Negative Ionic Hair Blow Dryer 2 Smoothing Concentrators and 1 Hair Scalp Massager Shampoo Brush for Curly Hair,Woman,Kids",tail,mid,B0BP2Y6QY4,B0BP2Y6QY4,B082VYX7G8,positive_vs_negative,0.7000000000000001,The hair growth serum aligns more closely with the hair care focus shown in the user's first interaction.,True,0.37666666666199994,0.37666666666199994,,,False,False,0.37666666666199994,0.623333333338,2,1,0.37666666666199994,0.0,pointwise_calibrated
AEAXAJACFMXIAAH4WOHRMXPSZWFA::1647202368573::pair::0,AEAXAJACFMXIAAH4WOHRMXPSZWFA::1647202368573,AEAXAJACFMXIAAH4WOHRMXPSZWFA,test,2022-03-13 20:12:48.573,B09G3KBK7Y,6,15,B09G3KBK7Y,B07F7MBMJ2,"Boiess Colognes Poppy mint For Moms, Babies & Kids | Natural Eau de Cologne | Clean & Fresh Scent | Children Fragrance For Soft & Sensitive Skin | Easy Use, Gentle on Baby | Size: 8.5 FL Oz","Anti Aging Face Cream & Wrinkle Cream - Perfect Facial Moisturizer For Day & Night Cream - Proprietary Formula with Hyaluronic Acid & Tri-Peptides To Support Skin Tightening, Brightning, Anti Wrinkl",head,mid,B09G3KBK7Y,B07F7MBMJ2,B09G3KBK7Y,positive_vs_negative,0.7000000000000001,The user's history shows a stronger interest in skincare products than in fragrances or baby items.,True,0.37666666666199994,0.37666666666199994,,,False,False,0.37666666666199994,0.623333333338,7,1,0.37666666666199994,0.0,pointwise_calibrated
AEB2IM7SDC6STXDK4X5WO5U4GN4Q::1609471630855::pair::0,AEB2IM7SDC6STXDK4X5WO5U4GN4Q::1609471630855,AEB2IM7SDC6STXDK4X5WO5U4GN4Q,test,2021-01-01 03:27:10.855,B08J49TCX6,6,15,B08DK4NDM3,B08J49TCX6,"Glow Line Individual Hand Wipes - Hand Wipes Travel Size, Lavender Rose Travel Hand Wipes - Moist Towelettes Individually Wrapped, Wet Wipes Individually Wrapped w/Murumuru Seed & Peptides - 15 ct",Rhinestone Crystal Diamond Headbands for Women Luxury Shiny Padded Diamond Headband Hair Hoops Fashion Hair Accessories for Girls Bejewelled Hairband Sparkly Party Headband (Rainbow),mid,tail,B08J49TCX6,B08J49TCX6,B08DK4NDM3,positive_vs_negative,0.9,"The user's history shows a clear preference for decorative hair accessories, which Candidate B matches closely.",True,0.37666666666199994,0.37666666666199994,,,False,False,0.37666666666199994,0.623333333338,6,1,0.37666666666199994,0.0,pointwise_calibrated
AEB3LQB3R7DHJN6V7N5KKWVAC4SA::1658521503561::pair::0,AEB3LQB3R7DHJN6V7N5KKWVAC4SA::1658521503561,AEB3LQB3R7DHJN6V7N5KKWVAC4SA,test,2022-07-22 20:25:03.561,B0B4RV6X1H,6,15,B09VY96RBZ,B0B4RV6X1H,"Doctor Butler's Personal Cleansing Lotion – Safe, Hygienic, & Soothing Lotion for Sensitive Areas, Hygienic Cleansing Lotion for Men and Women to Cleanse, Soothe, and Moisturize (3oz)","MRTREUP Chrome Nail Powder Palette , Metallic Mirror Effect Chrome Powder for Nails , Rose Gold Sliver Pink Holographic Nail Glitter Nail Pigment Powder for DIY Salon Nail Art Decorations",mid,head,B0B4RV6X1H,B0B4RV6X1H,B09VY96RBZ,positive_vs_negative,0.7000000000000001,The user's prior interest in nail art products suggests a stronger preference for the nail powder palette.,True,0.37666666666199994,0.37666666666199994,,,False,False,0.37666666666199994,0.623333333338,6,1,0.37666666666199994,0.0,pointwise_calibrated
AEB7FRW6CDYD5PLD2DR4SETFUCGA::1592546513293::pair::0,AEB7FRW6CDYD5PLD2DR4SETFUCGA::1592546513293,AEB7FRW6CDYD5PLD2DR4SETFUCGA,test,2020-06-19 06:01:53.293,B086VYKNDF,6,15,B08HRNPNR5,B086VYKNDF,"EASYDEW DW-EGF Double Synergy Moist Ampoule1.01 fl oz -K Beauty Award-Winning Anti Aging Ampoule with EGF to Plump, Moisturize Skin I For Sensitive Skin, Gift for Mom, Wife, Her","Aloe Vera Gel 100% Natural Moisturisers - Pure Organic Fresh Soothing Aloe-Vera Moisturizing Gel Skin Hair, Aloe Leaf Wash-free Clean After Sun Face Body (8.8 oz)",head,head,B086VYKNDF,B086VYKNDF,B08HRNPNR5,positive_vs_negative,0.7000000000000001,"The user's previous item is a sunscreen, making an after-sun soothing product like aloe vera gel a more logical and complementary choice.",True,0.37666666666199994,0.37666666666199994,,,False,False,0.37666666666199994,0.623333333338,2,1,0.37666666666199994,0.0,pointwise_calibrated
AEBCAICMY637MVALA4VXQLJWMTIQ::1674597256462::pair::0,AEBCAICMY637MVALA4VXQLJWMTIQ::1674597256462,AEBCAICMY637MVALA4VXQLJWMTIQ,test,2023-01-24 21:54:16.462,B0B5XFVSXY,6,15,B0B5XFVSXY,B07T3Z58HL,"MilyBest Fluffy Lashes False Eyelashes Natural Look Cat Eye Lashes, Dramatic Faux Mink Lashes 3D Effect 18mm D Curl Volume Extension Reusable Wispy Lashes Pack 10 Pairs","Hand Crafted Ceramic Aromatherapy Essential Oil Diffuser,100ml Fragrant Room Sprays Ultrasonic Aroma Mist Atomizer BPA-Free, Waterless Auto Shut-Off and 7 Color Night Lights for Office Home Study Yoga",head,head,B0B5XFVSXY,B0B5XFVSXY,B07T3Z58HL,positive_vs_negative,0.6000000000000001,"Both items are unrelated to nail care, but false eyelashes are a cosmetic accessory, which is slightly more adjacent to the user's interest in nail products.",True,0.37666666666199994,0.37666666666199994,,,False,False,0.37666666666199994,0.623333333338,1,6,0.37666666666199994,0.0,pointwise_calibrated
AEBD4EQFW4THUDUVAETCYTEDJU6Q::1669006586606::pair::0,AEBD4EQFW4THUDUVAETCYTEDJU6Q::1669006586606,AEBD4EQFW4THUDUVAETCYTEDJU6Q,test,2022-11-21 04:56:26.606,B0932Z1NM1,6,15,B0932Z1NM1,B09G22586Y,"SUPRENT Razors for Men with Matrix Cutter Head, 38.5° Golden Angle Shaving Kit for Men, Travelling Razor Kit-1 Mens Razor Handle, 2 Blade Refills,1 Dock,1 Shave Foam","Automatic Curling Iron, Rechargeable Cordless Hair Curler with LCD Digital Display and 6 Temperature Settings, Fast Heating Portable Automatic Hair Curler for Styling Hair Anytime ( Pink )",mid,mid,B0932Z1NM1,B09G22586Y,B0932Z1NM1,positive_vs_negative,0.6000000000000001,The user's interest in a costume wig and rocker aesthetic suggests a stronger potential interest in hair styling tools over shaving kits.,True,0.37666666666199994,0.37666666666199994,,,False,False,0.37666666666199994,0.623333333338,6,3,0.37666666666199994,0.0,pointwise_calibrated
AEBFX66JP7X6UWGZKVVXGRWDFQJQ::1622407887979::pair::0,AEBFX66JP7X6UWGZKVVXGRWDFQJQ::1622407887979,AEBFX66JP7X6UWGZKVVXGRWDFQJQ,test,2021-05-30 20:51:27.979,B08XBBZPN6,6,15,B091TKH1JF,B08XBBZPN6,"Gel Nail Polish Kit with Gel Base and Top Coat, 12 Pcs All Seasons Skin Tones Pink Neutral Brown Gel Polish Kit, Soak Off LED Gel Nail Kit Manicure DIY Nail Art Home Salon",Acne Patch 3 Sheets (36 Counts per Sheet) Hydrocolloid Pimple Blemish Cover Treatment with CICA Tea-Tree Oil,tail,mid,B08XBBZPN6,B08XBBZPN6,B091TKH1JF,positive_vs_negative,0.7000000000000001,The user's past skincare items suggest a stronger interest in facial treatments than nail care.,True,0.37666666666199994,0.37666666666199994,,,False,False,0.37666666666199994,0.623333333338,4,2,0.37666666666199994,0.0,pointwise_calibrated
AEBWGXGGL3Q5DSTMUQSTVUJDWSMA::1670590861969::pair::0,AEBWGXGGL3Q5DSTMUQSTVUJDWSMA::1670590861969,AEBWGXGGL3Q5DSTMUQSTVUJDWSMA,test,2022-12-09 13:01:01.969,B0BJJRVM3X,6,15,B0BJJRVM3X,B08HMLXW65,"2 In 1 Essential Oil Roller Bottles Jade Roller for Face Facial Massage Roller Skin Care Beauty Tool, Green","Claw Hair Clips, IKOCO 6 Pack Jaw Clips Stylish Matte Plastic Strong Hold Hair Clamps Box Packaged for Thin Fine Hair with 10Pcs Black Hair ties (2.4Inch)",mid,mid,B0BJJRVM3X,B0BJJRVM3X,B08HMLXW65,positive_vs_negative,0.7000000000000001,"The user's history shows a strong interest in skincare and beauty tools, aligning with the jade roller's purpose.",True,0.37666666666199994,0.37666666666199994,,,False,False,0.37666666666199994,0.623333333338,4,1,0.37666666666199994,0.0,pointwise_calibrated
AEC4WROC543KSOU7GOBC2DDXND7Q::1673403302786::pair::0,AEC4WROC543KSOU7GOBC2DDXND7Q::1673403302786,AEC4WROC543KSOU7GOBC2DDXND7Q,test,2023-01-11 02:15:02.786,B0BL1J6HWH,6,15,B0BL1J6HWH,B01CVQALFE,"LSxia 8PCS Braided Hair Clips for Braids, Four-Leaf Clover Chopped Hairpin Duckbill Clip with 3 Small Hair Clips for Styling, Sparkling Rhinestone Crystal Stone Braided Hair Clip for Women",Beard Oil - Tea Tree Scent - Huge Man-Sized 4 oz Bottle - 100% Natural - Softens Your Beard and Stops Itching - Scent Women Love - Best Beard Oil And Conditioner For Men,tail,mid,B0BL1J6HWH,B0BL1J6HWH,B01CVQALFE,positive_vs_negative,0.6000000000000001,The hair accessory is more likely to align with the user's interest in personal beauty and makeup products.,True,0.37666666666199994,0.37666666666199994,,,False,False,0.37666666666199994,0.623333333338,5,6,0.37666666666199994,0.0,pointwise_calibrated
AEC6IZVI2NGFBCIYVD4X5MDGB6DQ_1::1655669284693::pair::0,AEC6IZVI2NGFBCIYVD4X5MDGB6DQ_1::1655669284693,AEC6IZVI2NGFBCIYVD4X5MDGB6DQ_1,test,2022-06-19 20:08:04.693,B09778FRVQ,6,15,B09778FRVQ,B08F79Z1Q5,1oz. Tree-topped Mustache Wax Tacky Firm - from Green Beard Grmng,"MEACOLIA 6 Pack 8oz Water Mist Empty Spray Bottle for Hair,Plastic Spray Bottle for Cleaning Solutions,Refillable Container with Adjustable Head",tail,mid,B09778FRVQ,B09778FRVQ,B08F79Z1Q5,positive_vs_negative,0.6000000000000001,"The user's history shows a preference for natural, sustainable personal care items, aligning with the mustache wax's grooming niche.",True,0.37666666666199994,0.37666666666199994,,,False,False,0.37666666666199994,0.623333333338,6,5,0.37666666666199994,0.0,pointwise_calibrated
AEC6IZVI2NGFBCIYVD4X5MDGB6DQ_2::1624496395044::pair::0,AEC6IZVI2NGFBCIYVD4X5MDGB6DQ_2::1624496395044,AEC6IZVI2NGFBCIYVD4X5MDGB6DQ_2,test,2021-06-24 00:59:55.044,B08T7GPT1D,6,15,B0919LJ9WT,B08T7GPT1D,"18 Pack Hair Ties,Spiral elastics, Multi Color Hair Scrunchies, No Crease Spiral Hair Elastics,Hair ties for women","Florona Hibiscus Air Freshener Room Spray for Deep Sleep 100 ml - Pure & Unrefined Pillow Mist & Linen Spray (Hibiscus,100 ml)",tail,head,B08T7GPT1D,B0919LJ9WT,B08T7GPT1D,positive_vs_negative,0.7000000000000001,The user's history shows a strong focus on hair care and styling products.,True,0.37666666666199994,0.37666666666199994,,,False,False,0.37666666666199994,0.623333333338,2,6,0.37666666666199994,0.0,pointwise_calibrated
AEC7PELQ65SN7C7R3JBLZMLWOBXQ::1615899811904::pair::0,AEC7PELQ65SN7C7R3JBLZMLWOBXQ::1615899811904,AEC7PELQ65SN7C7R3JBLZMLWOBXQ,test,2021-03-16 13:03:31.904,B08KY7VYDS,6,15,B08KY7VYDS,B00XXZZCCU,"Canple Self-cleaning Slicker Brush for Medium Long Hair Types Dog and Cat, Removes Loose Hair Undercoat Effectively Reduce Mats & Tanglings Grooming Brush","Pursoma Minerals Hot Tub Bath Treatment, 10.5 oz",head,tail,B08KY7VYDS,B00XXZZCCU,B08KY7VYDS,positive_vs_negative,0.30000000000000004,"Both items are unrelated to the user's previous personal care purchase, but the bath treatment is slightly closer in product category.",True,0.37666666666199994,0.37666666666199994,,,False,False,0.37666666666199994,0.623333333338,6,4,0.37666666666199994,0.0,pointwise_calibrated
AECADZLPUNH3BDNACLFF7PSHN5MQ::1625337932666::pair::0,AECADZLPUNH3BDNACLFF7PSHN5MQ::1625337932666,AECADZLPUNH3BDNACLFF7PSHN5MQ,test,2021-07-03 18:45:32.666,B092Z7Y6QJ,6,15,B092Z7Y6QJ,B0849YFB92,Vigorous Straight Highlights Wigs for Women Synthetic Long Highlight Lace Wigs Natural Looking Straight Wigs Middle Part,"TELETIES - Tie Dye Collection - Spiral Hair Coils - Ponytail Holder Hair Ties for Women - Phone Cord Hair Ties - Strong Grip, No Rip, Water Resistant, No Crease Hair Tie Coils - 3 pack (Large, Trippy Hippie)",tail,tail,B092Z7Y6QJ,B092Z7Y6QJ,B0849YFB92,positive_vs_negative,0.8,The user's history shows a strong preference for wigs and hair extensions over hair accessories.,True,0.37666666666199994,0.37666666666199994,,,False,False,0.37666666666199994,0.623333333338,1,3,0.37666666666199994,0.0,pointwise_calibrated
AECBSHTFZ7XJSRK7ZOONX26Z6VZQ::1670453739702::pair::0,AECBSHTFZ7XJSRK7ZOONX26Z6VZQ::1670453739702,AECBSHTFZ7XJSRK7ZOONX26Z6VZQ,test,2022-12-07 22:55:39.702,B08GMC48QF,6,15,B08GMC48QF,B00NT0AR7E,Purple Shampoo and Conditioner Set - Blonde Shampoo - Made in USA - Purple Hair Silver Shampoo - Hair Toner Shampoo & Conditioner for Brassy Hair - Purple Toning Shampoo & Overtone Conditioner,OZNaturals Retinol Serum,head,mid,B08GMC48QF,B00NT0AR7E,B08GMC48QF,positive_vs_negative,0.6000000000000001,"The user's previous item is a skincare tool, making a retinol serum a more related skincare product than hair color care.",True,0.37666666666199994,0.37666666666199994,,,False,False,0.37666666666199994,0.623333333338,5,2,0.37666666666199994,0.0,pointwise_calibrated
AECIT3NMW6RKABFS6YOCYX4YUYOQ::1631642581663::pair::0,AECIT3NMW6RKABFS6YOCYX4YUYOQ::1631642581663,AECIT3NMW6RKABFS6YOCYX4YUYOQ,test,2021-09-14 18:03:01.663,B093Q24N9V,6,15,B00NFX6FJO,B093Q24N9V,"Annie Soft Twist Rollers 7"" 10 pcs Purple, Perfect for styling your hair, hair style, perm, rods, curls, hair curl, hair perm, long hair, curly hair, straight hair, for all hair types, flex rods, soft material",ZZLOVE Amino Acids Body Wash for Men Women Moisturizing Shower Gel with Milk Protein Hydrolysate and Natural Plant Extracts,tail,mid,B093Q24N9V,B093Q24N9V,B00NFX6FJO,positive_vs_negative,0.6000000000000001,"The user has shown interest in personal care items like soap, making the body wash a more aligned choice.",True,0.37666666666199994,0.37666666666199994,,,False,False,0.37666666666199994,0.623333333338,6,3,0.37666666666199994,0.0,pointwise_calibrated
AECJWYAOJ34RILHGK2CKU42UOVKA::1621947003303::pair::0,AECJWYAOJ34RILHGK2CKU42UOVKA::1621947003303,AECJWYAOJ34RILHGK2CKU42UOVKA,test,2021-05-25 12:50:03.303,B0BTJ6SYKB,6,15,B094VSZNNK,B0BTJ6SYKB,"Ombre Wigs Short Bob Wigs 2 in 1 Curly Wig + Straight Wig Ombre Red Blonde Bob Wig for Women Synthetic Cosplay Daily Wigs(12"", Rust Red Blonde)","Shakira Perfumes - Dance for Women - Long Lasting - Femenine, Charming and Modern Perfume - Fruity Floral Notes - Ideal for Day Wear - 1.7 Fl Oz",tail,head,B0BTJ6SYKB,B0BTJ6SYKB,B094VSZNNK,positive_vs_negative,0.6000000000000001,The perfume aligns more closely with the user's past focus on personal care and grooming accessories.,True,0.37666666666199994,0.37666666666199994,,,False,False,0.37666666666199994,0.623333333338,5,2,0.37666666666199994,0.0,pointwise_calibrated
AECLZPHQ72FZTCG2MWNAZIJXCRZQ::1666574970079::pair::0,AECLZPHQ72FZTCG2MWNAZIJXCRZQ::1666574970079,AECLZPHQ72FZTCG2MWNAZIJXCRZQ,test,2022-10-24 01:29:30.079,B0B7DQ98PR,6,15,B07S8F3LRC,B0B7DQ98PR,"Mountain Falls Regular Nail Polish Remover for Natural Nails with Vitamin E and Panthenol, 16 Fluid Ounce","LLTGMV 50 Pcs Baby Hair Ties, Cotton Toddler Hair Ties for Girls and Kids, Multicolor Small Seamless Hair Bands Elastic Ponytail Holders",tail,mid,B0B7DQ98PR,B07S8F3LRC,B0B7DQ98PR,positive_vs_negative,0.6000000000000001,"The user's previous items are personal care products, making the nail polish remover a more related grooming item than hair ties.",True,0.37666666666199994,0.37666666666199994,,,False,False,0.37666666666199994,0.623333333338,4,5,0.37666666666199994,0.0,pointwise_calibrated
AECO2ZWV634CZOOCC7MQ23TC3GMQ::1623343278200::pair::0,AECO2ZWV634CZOOCC7MQ23TC3GMQ::1623343278200,AECO2ZWV634CZOOCC7MQ23TC3GMQ,test,2021-06-10 16:41:18.200,B07T4YQK62,6,15,B089D16BWJ,B07T4YQK62,"Premium black caviar facial mask sheet for anti-aging and anti-wrinkle, AG Mask, 6 Sheets, Hydrating and Brightening, Made in Korea.","Amacle Hair Bow Organizer Holder for Girls - Hair Accessories Storage Wall Hanger, Pack of 3",tail,mid,B07T4YQK62,B089D16BWJ,B07T4YQK62,positive_vs_negative,0.7000000000000001,The user's previous skincare purchase suggests a stronger interest in facial care products than in general organizers.,True,0.37666666666199994,0.37666666666199994,,,False,False,0.37666666666199994,0.623333333338,1,5,0.37666666666199994,0.0,pointwise_calibrated
AECOPBDL3PHOESNB2RXKPZSXGBOA::1652497939143::pair::0,AECOPBDL3PHOESNB2RXKPZSXGBOA::1652497939143,AECOPBDL3PHOESNB2RXKPZSXGBOA,test,2022-05-14 03:12:19.143,B09NCDK9T1,6,15,B09NCDK9T1,B08VSDM8PL,SmoothSkin Pure FIT Intelligent Ultrafast IPL Permanent Hair Reduction for Women & Men - Body & Face – FDA Cleared,Silky Wide Headbands Twist Pearl Hair Hoop Satin Knot Wedding Party Daily Headband for Women Girls,head,tail,B09NCDK9T1,B08VSDM8PL,B09NCDK9T1,positive_vs_negative,0.6000000000000001,The user's history shows a stronger interest in beauty and personal care accessories over high-tech devices.,True,0.37666666666199994,0.37666666666199994,,,False,False,0.37666666666199994,0.623333333338,6,2,0.37666666666199994,0.0,pointwise_calibrated
AECQQBG6YRYCOJL2NCB2H3V6LD6Q::1666137829785::pair::0,AECQQBG6YRYCOJL2NCB2H3V6LD6Q::1666137829785,AECQQBG6YRYCOJL2NCB2H3V6LD6Q,test,2022-10-19 00:03:49.785,B0B2VVXM9C,6,15,B0B2VVXM9C,B010SZWNP6,Act of Wellness R&R Sleeping Mask - Leave on Overnight Treatment with Hyaluronic Acid + Retinol Alternative for Happy and Feel It Soft Skin - Vegan and Cruelty Free (2oz,"Tweezers Set with Case | Slant, Straight and Pointed Tip Stainless Steel Tweezer",mid,mid,B0B2VVXM9C,B0B2VVXM9C,B010SZWNP6,positive_vs_negative,0.9,"The user's history shows a strong focus on facial skincare treatments, especially hydrating and anti-aging products, which aligns with Candidate A's sleeping mask.",True,0.37666666666199994,0.37666666666199994,,,False,False,0.37666666666199994,0.623333333338,2,5,0.37666666666199994,0.0,pointwise_calibrated
AECTRGMRKOGAYIV3YXX73CQEQCSQ::1663673403815::pair::0,AECTRGMRKOGAYIV3YXX73CQEQCSQ::1663673403815,AECTRGMRKOGAYIV3YXX73CQEQCSQ,test,2022-09-20 11:30:03.815,B0B9C3C8SS,6,15,B0B9C3C8SS,B09Y1Z581L,"KIMUSE 2Color Dual Cream Contour Stick, Multi Blush & Contour Bronzer Stick, Long Lasting & Waterproof Contour Sticks Kit for Light Skin Face Makeup","VANALIA Gel Nail Polish Remover Kit - 2pcs of Gel Polish Remover & 1pc of Liquid Latex Tape Peel Off Cuticle Guard Skin Barrier Protector, 3-5 Minutes Easily & Quickly & Healthy Method, 45 ml",mid,mid,B0B9C3C8SS,B0B9C3C8SS,B09Y1Z581L,positive_vs_negative,0.7000000000000001,The user's history shows a stronger interest in color cosmetics like lipstick and eyeshadow than in nail care removal.,True,0.37666666666199994,0.37666666666199994,,,False,False,0.37666666666199994,0.623333333338,5,4,0.37666666666199994,0.0,pointwise_calibrated
AECY5GFGV7OMJYONMEP2XNE4JBHA::1610538670234::pair::0,AECY5GFGV7OMJYONMEP2XNE4JBHA::1610538670234,AECY5GFGV7OMJYONMEP2XNE4JBHA,test,2021-01-13 11:51:10.234,B08FF6LQ3G,6,15,B0B1DCQWR7,B08FF6LQ3G,Success at Once Self Straight Magic Perm at Home Easy & Fast Made in Korea,"Travel Bottles Keychain, 1.7oz/50ml Portable Hand Sanitizer Bottles, Fine Mist Spray Keychain Bottles, Empty Leakproof Refillable Containers with Flip/Spray Cap Plastic Travel Bottles (5PC)",tail,head,B08FF6LQ3G,B08FF6LQ3G,B0B1DCQWR7,positive_vs_negative,0.9,"It closely matches the user's demonstrated interest in portable, refillable travel bottles with a keychain.",True,0.37666666666199994,0.37666666666199994,,,False,False,0.37666666666199994,0.623333333338,4,1,0.37666666666199994,0.0,pointwise_calibrated
AEDEY7PBQ6AQUZ5NNKFCYCN7MNNA::1671803415611::pair::0,AEDEY7PBQ6AQUZ5NNKFCYCN7MNNA::1671803415611,AEDEY7PBQ6AQUZ5NNKFCYCN7MNNA,test,2022-12-23 13:50:15.611,B0BN7ZDMD5,6,15,B0848VJ18X,B0BN7ZDMD5,"Native Deodorant - Natural Deodorant For Women and Men - 3 Pack - Aluminum Free, Free of Parabens and Sulfates - Vegan, Contains Probiotics - Linen & Cotton Flower, Peony & Jasmine Tea, Sweet Almond & Honey","AIBRIT Gel Polish 4 Pcs Gel Base Coat, Strengthener Coat No Wipe Gel Top Coat Glossy Shiny & Matte Soak-off LED UV Light Gel Polish for Manicure Nail Art",mid,mid,B0BN7ZDMD5,B0BN7ZDMD5,B0848VJ18X,positive_vs_negative,0.7000000000000001,"The user previously purchased nail art stickers, suggesting an interest in nail care and decoration, which aligns with gel nail polish products.",True,0.37666666666199994,0.37666666666199994,,,False,False,0.37666666666199994,0.623333333338,5,1,0.37666666666199994,0.0,pointwise_calibrated
AEDPMA3WGX6KUFWYHEWV27EKRBGQ::1669531053802::pair::0,AEDPMA3WGX6KUFWYHEWV27EKRBGQ::1669531053802,AEDPMA3WGX6KUFWYHEWV27EKRBGQ,test,2022-11-27 06:37:33.802,B0BFJ87BW5,6,15,B0BFJ87BW5,B07Q4YCBWD,"Dudulanni 24 Pcs Press on Nails Medium, Fake Nails with Nail Glue, Stick Glue on Nails False Nails Acrylic Nails for Women S Ombre Pink Almond",Best Mom Ever French Milled Luxury Soap Set of 3 Bars (6.35oz),mid,tail,B0BFJ87BW5,B0BFJ87BW5,B07Q4YCBWD,positive_vs_negative,0.8,"The user has shown a clear interest in nail care and artificial nails, making press-on nails a more relevant match.",True,0.37666666666199994,0.37666666666199994,,,False,False,0.37666666666199994,0.623333333338,1,5,0.37666666666199994,0.0,pointwise_calibrated
AEDRFBA64VH2SHGAB5W27J4ZTKHA::1648921940446::pair::0,AEDRFBA64VH2SHGAB5W27J4ZTKHA::1648921940446,AEDRFBA64VH2SHGAB5W27J4ZTKHA,test,2022-04-02 17:52:20.446,B09NV6JY1Y,6,15,B09NV6JY1Y,B09419W8LT,"facetheory Ocuwake Eye Cream EYE1 - Eye Cream For Dark Circles And Puffiness, Vitamin C Eye Brightening Cream, Vegan and Cruelty-Free, Made in the UK | Unfragranced | 1.0 fl oz",NOHJ Secret Repair 3D-Ampoule Modeling Pack Of 4 Modeling Rubber Masks Moisturizing Facial Jelly Face Mask Set Collagen/Tea Tree/Vitamin C/Hyaluronic acid Peel Off Rubber Korean Skincare Face Mask,tail,tail,B09NV6JY1Y,B09419W8LT,B09NV6JY1Y,positive_vs_negative,0.7000000000000001,"The user's history shows a focus on intensive hydration and anti-aging ingredients like hyaluronic acid, which the mask set features.",True,0.37666666666199994,0.37666666666199994,,,False,False,0.37666666666199994,0.623333333338,2,1,0.37666666666199994,0.0,pointwise_calibrated
AEDVTFBR7UP5TDLI3ZROTRSX6I4Q::1659301829136::pair::0,AEDVTFBR7UP5TDLI3ZROTRSX6I4Q::1659301829136,AEDVTFBR7UP5TDLI3ZROTRSX6I4Q,test,2022-07-31 21:10:29.136,B0B4VHNL46,6,15,B0B8V4641W,B0B4VHNL46,"MRTREUP Neon Face Paint UV Glow Body Paint Water Activated Eyeliner , 6 Colors Cake Eyelier Fluorescent Hydra Graphic Pink Green Glow in the Dark Body Paint for Club Halloween Party Makeup Art Paint",L’ange Argan-Infused Round Brush | Lightweight & Ergonomic Design | 43MM Tourmaline Ceramic Barrel,tail,head,B0B4VHNL46,B0B4VHNL46,B0B8V4641W,positive_vs_negative,0.6000000000000001,"The user's previous items suggest an interest in personal care and home wellness, making a high-quality hair brush more aligned than novelty face paint.",True,0.37666666666199994,0.37666666666199994,,,False,False,0.37666666666199994,0.623333333338,6,2,0.37666666666199994,0.0,pointwise_calibrated
AEE2XLIZKYGXRYGJG4AZEEL5VHUQ::1644596399265::pair::0,AEE2XLIZKYGXRYGJG4AZEEL5VHUQ::1644596399265,AEE2XLIZKYGXRYGJG4AZEEL5VHUQ,test,2022-02-11 16:19:59.265,B09K77RBHB,6,15,B09K77RBHB,B08DXLRTSB,Perfect Reflection Face Brightening Moisturizer-Organic-Kojic acid-Alpha-arbutin-Niacinamide-Mulberry,"Laloirelle Luminous Face Oil - Organic Pomegranate Oil, Cacao Oil Infused W/Brightening White Peony Root, Marigold Flower, Lotus Leaf - Glowing Skin That Feels Hydrated, Plump and Firm - 1.0 fl oz",mid,tail,B09K77RBHB,B09K77RBHB,B08DXLRTSB,positive_vs_negative,0.6000000000000001,"The user's previous items focus on practical grooming and cleansing, making the straightforward, treatment-focused moisturizer a more likely match.",True,0.37666666666199994,0.37666666666199994,,,False,False,0.37666666666199994,0.623333333338,3,2,0.37666666666199994,0.0,pointwise_calibrated
AEE4M36AZAKURLEYGV23TM3BE7OQ::1653943559752::pair::0,AEE4M36AZAKURLEYGV23TM3BE7OQ::1653943559752,AEE4M36AZAKURLEYGV23TM3BE7OQ,test,2022-05-30 20:45:59.752,B009GPP546,6,15,B0876VC4KM,B009GPP546,"Gel Nail Polish Set, Holiday Red Black 6 Colors Gel Polish Kit Popular Nail Art Design Soak Off LED Lamp Nail Polish Gel Manicure Kit Gifts Set for Girls Women Professional DIY Home Use","Sasy n Savy, Citrus Soufflè Hydrating and Nourishing Body Crème, Plant-Based Natural Ingredients For Daily Moisture, 6.08 fl oz(180mL)",head,head,B009GPP546,B0876VC4KM,B009GPP546,positive_vs_negative,0.6000000000000001,"The user has shown interest in nail care with a previous purchase of nail clippers, making the nail polish kit a more aligned extension of that grooming category.",True,0.37666666666199994,0.37666666666199994,,,False,False,0.37666666666199994,0.623333333338,4,2,0.37666666666199994,0.0,pointwise_calibrated
AEE62OCZYHOUZBWJKRKJQIDC7S3Q::1654737794898::pair::0,AEE62OCZYHOUZBWJKRKJQIDC7S3Q::1654737794898,AEE62OCZYHOUZBWJKRKJQIDC7S3Q,test,2022-06-09 01:23:14.898,B09TFZZ4GW,6,15,B09TFZZ4GW,B00BRN5TQY,Beard Comb Or Fine Tooth Mustache Pocket Stainless Steel Metal Powder Coated Black Keychain Comb For Men - 3.25 x 1 Inches by Death Grip,"Aleavia Restore Soothing Mist – Fragrance-Free Organic & All-Natural Prebiotic, Restorative Spray – Nourish your Healthy Skin Microbiome – 4 oz.",tail,tail,B09TFZZ4GW,B00BRN5TQY,B09TFZZ4GW,positive_vs_negative,0.6000000000000001,"The user's history shows a focus on facial beauty and skincare items, making the soothing skin mist more relevant than a beard comb.",True,0.37666666666199994,0.37666666666199994,,,False,False,0.37666666666199994,0.623333333338,6,2,0.37666666666199994,0.0,pointwise_calibrated
AEEHSGIEOXLHDMNDUYGX4R4W5TZA::1627073889643::pair::0,AEEHSGIEOXLHDMNDUYGX4R4W5TZA::1627073889643,AEEHSGIEOXLHDMNDUYGX4R4W5TZA,test,2021-07-23 20:58:09.643,B08ZYKQ3D3,6,15,B08ZYKQ3D3,B08LYT4Q2X,"Microblading Eyebrow Pen, Eyebrow Tattoo Liquid Pen (3 Pcs) , 2 in 1 Eyeliner Pencil, Waterproof brow Pen, Natural Looking, 24h Long Lasting (3 PCS - Black & Dark Brown & Light Brown)","Organic Sweet Almond Oil and Fractionated Coconut Oil Bundle for Hair and Skin, 100% Pure and Natural, Hexane-Free, Moisturizing, For Healthy Skin, Silky Hair, Multiuse Body Oil, 16 fl. Oz X 2",tail,head,B08ZYKQ3D3,B08ZYKQ3D3,B08LYT4Q2X,positive_vs_negative,0.7000000000000001,"The user's previous items are focused on facial skincare and makeup application tools, making the eyebrow pen a more aligned cosmetic accessory.",True,0.37666666666199994,0.37666666666199994,,,False,False,0.37666666666199994,0.623333333338,6,3,0.37666666666199994,0.0,pointwise_calibrated
AEEMHCO2KYLSSU547E7HNK4PMAMA::1643754393919::pair::0,AEEMHCO2KYLSSU547E7HNK4PMAMA::1643754393919,AEEMHCO2KYLSSU547E7HNK4PMAMA,test,2022-02-01 22:26:33.919,B08XJWLLKQ,6,15,B08XJWLLKQ,B08R3F946X,"John Frieda Detox and Repair Shampoo and Conditioner Set with Nourishing Avocado Oil and Green Tea, 8.45 Fl Oz (Pack of 2)",LXIANGN Nail Glass Cup With Lid Cute Dappen Dishes 2PCS Heart Shaped Bowl Glass Mini Crystal Bowls for Nail Art Manicure Care Tools,head,head,B08XJWLLKQ,B08XJWLLKQ,B08R3F946X,positive_vs_negative,0.8,The user's previous hair styling product suggests a stronger interest in hair care than in nail art tools.,True,0.37666666666199994,0.37666666666199994,,,False,False,0.37666666666199994,0.623333333338,1,6,0.37666666666199994,0.0,pointwise_calibrated
AEEO2GFWCO2IC2JWUDY6HFJ6XO3A::1632618061024::pair::0,AEEO2GFWCO2IC2JWUDY6HFJ6XO3A::1632618061024,AEEO2GFWCO2IC2JWUDY6HFJ6XO3A,test,2021-09-26 01:01:01.024,B09CTBZVD6,6,15,B0BKLCF1CL,B09CTBZVD6,SalonSilk Round Brush Set,NEOGEN DERMALOGY Cica repair snail essence,mid,tail,B09CTBZVD6,B09CTBZVD6,B0BKLCF1CL,positive_vs_negative,0.6000000000000001,"The user's previous toner is a skincare item, making another skincare essence more relevant than hair brushes.",True,0.37666666666199994,0.37666666666199994,,,False,False,0.37666666666199994,0.623333333338,4,2,0.37666666666199994,0.0,pointwise_calibrated
AEETKAAQQXZE4H6J4GJMDOU5XQKQ::1595529329278::pair::0,AEETKAAQQXZE4H6J4GJMDOU5XQKQ::1595529329278,AEETKAAQQXZE4H6J4GJMDOU5XQKQ,test,2020-07-23 18:35:29.278,B087Z9X39L,6,15,B087Z9X39L,B00TK0VV68,"Foot Peel Mask For Cracked Heels, Dead Skin & Calluses - Make Your Feet Baby Soft & Get a Smooth Skin, Removes & Repairs Rough Heels","Embryolisse Eau de Beaute Rosamelis Face Toner, 6.76 Fl Oz",head,head,B087Z9X39L,B087Z9X39L,B00TK0VV68,positive_vs_negative,0.7000000000000001,"The user's history shows a focus on practical personal care and skin treatment items, aligning with the foot peel mask's purpose.",True,0.37666666666199994,0.37666666666199994,,,False,False,0.37666666666199994,0.623333333338,4,2,0.37666666666199994,0.0,pointwise_calibrated
AEEVXEJYV4A5CPDDHK63IRSDTPOQ::1634093795622::pair::0,AEEVXEJYV4A5CPDDHK63IRSDTPOQ::1634093795622,AEEVXEJYV4A5CPDDHK63IRSDTPOQ,test,2021-10-13 02:56:35.622,B0963G6H4J,6,15,B0963G6H4J,B0B8GVTPSX,Auban Sleep Hair Wrap Bonnet Eye Cover Large Black Satin Cap for Sleeping Silk Cap Double Layer for Long Hair Curl Women Sleeping Protection Hair Beanie Block Light,INGRINC Lying Silkworm Eyeliner Pen Shiny Matte Rotatable Highlighter Makeup Eyeshadow Pencil Brighten Bottom-Eyelid Silkworm Makeup Eyeshadow Eyeliner Pen for Women Girls (5),tail,tail,B0963G6H4J,B0963G6H4J,B0B8GVTPSX,positive_vs_negative,0.6000000000000001,The hair bonnet aligns more closely with the personal care and grooming theme of the epilator.,True,0.37666666666199994,0.37666666666199994,,,False,False,0.37666666666199994,0.623333333338,2,4,0.37666666666199994,0.0,pointwise_calibrated
AEEYDDE6RPPR5KIY2U2ZJBC5NS4A::1631922187309::pair::0,AEEYDDE6RPPR5KIY2U2ZJBC5NS4A::1631922187309,AEEYDDE6RPPR5KIY2U2ZJBC5NS4A,test,2021-09-17 23:43:07.309,B093Q24N9V,6,15,B01M661D7F,B093Q24N9V,Love You By Laura Marano,ZZLOVE Amino Acids Body Wash for Men Women Moisturizing Shower Gel with Milk Protein Hydrolysate and Natural Plant Extracts,mid,mid,B093Q24N9V,B093Q24N9V,B01M661D7F,positive_vs_negative,0.7000000000000001,"The user's previous items are personal care products, making a body wash more relevant than music.",True,0.37666666666199994,0.37666666666199994,,,False,False,0.37666666666199994,0.623333333338,5,2,0.37666666666199994,0.0,pointwise_calibrated
AEF37WTIU37I3QUD5JEX76YV6UCQ::1638206621884::pair::0,AEF37WTIU37I3QUD5JEX76YV6UCQ::1638206621884,AEF37WTIU37I3QUD5JEX76YV6UCQ,test,2021-11-29 17:23:41.884,B094TBJ2QN,6,15,B08SHXV5T8,B094TBJ2QN,"COLORGRAM Milk Bling Shadow 3.2g - True Beauty K-Drama Makeup, Long Wearing Liquid Twinkle Under Eye Makeup Shadow, Zero Pearl Scattering (09 Happy Aura)","Sibu NotOr Omega 7 Sea Buckthorn Oil Soft Gels, Anytime Face Wash, Facial Defense Oil, Skin Cleansing, Skin Moisturizing Core Kit",tail,mid,B094TBJ2QN,B094TBJ2QN,B08SHXV5T8,positive_vs_negative,0.8,"It shares the key ingredient sea buckthorn and is a skincare product, matching the user's previous interest.",True,0.37666666666199994,0.37666666666199994,,,False,False,0.37666666666199994,0.623333333338,3,1,0.37666666666199994,0.0,pointwise_calibrated
AEF4QCBYMXQN3RDFNM4ZXM67UTJA::1660863403683::pair::0,AEF4QCBYMXQN3RDFNM4ZXM67UTJA::1660863403683,AEF4QCBYMXQN3RDFNM4ZXM67UTJA,test,2022-08-18 22:56:43.683,B0B6QJLY2H,6,15,B0B6QJLY2H,B08PLFZB89,"L’ANGE HAIR Wide Tooth Comb Tortoiseshell Acetate | Lightweight, Smooth, Compact Design | Easy Glide Wide Tooth Comb","Got2b Glued Spray Wax with 2-in-1 Dual Nozzle, 8 oz",head,head,B0B6QJLY2H,B0B6QJLY2H,B08PLFZB89,positive_vs_negative,0.7000000000000001,"The user's past items are grooming tools, making a wide-tooth comb a more logical extension than a styling spray wax.",True,0.37666666666199994,0.37666666666199994,,,False,False,0.37666666666199994,0.623333333338,1,2,0.37666666666199994,0.0,pointwise_calibrated
AEFDIVNWWBP2IEEPXCTIRWCIPWSA::1626641061467::pair::0,AEFDIVNWWBP2IEEPXCTIRWCIPWSA::1626641061467,AEFDIVNWWBP2IEEPXCTIRWCIPWSA,test,2021-07-18 20:44:21.467,B09473GGM4,6,15,B09473GGM4,B07XF5F1X9,Tirtyl Hand Soap Sheet Variety Pack - 240 Pack with Portable Storage Tin - Camping/Outdoor/Travel/Handbag - Lavender & Aloe - Bergamot & Ylang Ylang - Jasmine & Patchouli,"Way Of Will Sweet Orange Body Wash, Moisturizing Body Wash with Sweet Orange Essential Oil, Body Wash for Women and Men, Paraben and Sulfate Free, 120 mL",head,mid,B09473GGM4,B09473GGM4,B07XF5F1X9,positive_vs_negative,0.7000000000000001,"The user's previous items focus on portable, reusable personal care, making the travel-friendly soap sheets a better fit.",True,0.37666666666199994,0.37666666666199994,,,False,False,0.37666666666199994,0.623333333338,2,4,0.37666666666199994,0.0,pointwise_calibrated
AEFLJ44YE4GTJNXRJNWEVB4BPBGA::1664669522572::pair::0,AEFLJ44YE4GTJNXRJNWEVB4BPBGA::1664669522572,AEFLJ44YE4GTJNXRJNWEVB4BPBGA,test,2022-10-02 00:12:02.572,B0B62GY2RX,6,15,B0B62GY2RX,B07HVRP37G,8 Sheets Skull Nail Art Stickers 3D Self-Adhesive Acrylic Nail Kit Designs Charms Nail Stickers Heart Skull Snake Black Nail Sticker Designer Nail Art Supplies for Women DIY Nail Decoration,"Rose Quartz Roller with Derma Roller 0.25mm, Facial Kit with Microneedle and Pink Jade Rollers",head,head,B0B62GY2RX,B07HVRP37G,B0B62GY2RX,positive_vs_negative,0.6000000000000001,"The user's previous items suggest an interest in beauty and hair care, making the facial roller kit a more likely match.",True,0.37666666666199994,0.37666666666199994,,,False,False,0.37666666666199994,0.623333333338,6,3,0.37666666666199994,0.0,pointwise_calibrated
